-- phpMyAdmin SQL Dump
-- version 3.5.2
-- http://www.phpmyadmin.net
--
-- Servidor: internal-db.s16338.gridserver.com
-- Tiempo de generación: 02-09-2015 a las 13:24:47
-- Versión del servidor: 5.1.67-rel14.3
-- Versión de PHP: 5.3.29

SET SQL_MODE="NO_AUTO_VALUE_ON_ZERO";
SET time_zone = "+00:00";


/*!40101 SET @OLD_CHARACTER_SET_CLIENT=@@CHARACTER_SET_CLIENT */;
/*!40101 SET @OLD_CHARACTER_SET_RESULTS=@@CHARACTER_SET_RESULTS */;
/*!40101 SET @OLD_COLLATION_CONNECTION=@@COLLATION_CONNECTION */;
/*!40101 SET NAMES utf8 */;

--
-- Base de datos: `db16338_losaltos_app`
--

-- --------------------------------------------------------

--
-- Estructura de tabla para la tabla `alumno`
--

CREATE TABLE IF NOT EXISTS `alumno` (
  `id_alumno` int(11) NOT NULL DEFAULT '0',
  `id_familia` int(11) DEFAULT NULL,
  `nombre_alumno` varchar(30) CHARACTER SET latin1 COLLATE latin1_general_ci NOT NULL,
  `apellido_paterno` varchar(25) CHARACTER SET latin1 COLLATE latin1_general_ci DEFAULT NULL,
  `apellido_materno` varchar(25) CHARACTER SET latin1 COLLATE latin1_general_ci DEFAULT NULL,
  `grado` decimal(2,0) NOT NULL DEFAULT '0',
  `grupo` varchar(4) NOT NULL DEFAULT '',
  `id_seccion` int(11) NOT NULL DEFAULT '0',
  `nombre` varchar(45) DEFAULT NULL,
  UNIQUE KEY `alumnos_x` (`id_alumno`)
) ENGINE=MyISAM DEFAULT CHARSET=latin1;

--
-- Volcado de datos para la tabla `alumno`
--

INSERT INTO `alumno` (`id_alumno`, `id_familia`, `nombre_alumno`, `apellido_paterno`, `apellido_materno`, `grado`, `grupo`, `id_seccion`, `nombre`) VALUES
(-2, NULL, 'Admision', NULL, NULL, '1', 'A', 0, NULL),
(6483, 1033, 'Daniela', 'Fernández', 'Chavolla', '5', 'F', 4, NULL),
(6485, 4559, 'Sofía', 'Márquez', 'Morett', '5', 'F', 4, NULL),
(6486, 8007, 'Ana Karen', 'Ramos', 'García', '5', 'E', 4, NULL),
(6489, 1212, 'Lorena', 'Mora', 'Cruz', '5', 'F', 4, NULL),
(6491, 1173, 'Daniela', 'Aguilera', 'Arroyo', '5', 'E', 4, NULL),
(6492, 9155, 'Andrea', 'Sordo', 'Robles', '5', 'F', 4, NULL),
(6493, 3118, 'Astrid Celeste', 'Ibarra', 'De La Torre', '5', 'F', 4, NULL),
(6494, 1422, 'Isabella', 'Valderrama', 'Arroyo', '5', 'F', 4, NULL),
(6495, 1526, 'Paulina', 'Echeverri', 'Arroyo', '5', 'E', 4, NULL),
(6496, 1536, 'Yuriko', 'Ortega', 'García', '5', 'F', 4, NULL),
(6497, 994, 'María Fernanda', 'Ríos', 'Zermeño', '5', 'E', 4, NULL),
(6498, 9303, 'Mónica Isabella', 'Gutiérrez', 'Velasco', '5', 'F', 4, NULL),
(6499, 1465, 'Mariana', 'Godínez', 'Aguilar', '5', 'F', 4, NULL),
(6500, 1035, 'Ana Paula', 'Madrigal', 'Garza', '5', 'F', 4, NULL),
(6501, 3336, 'Lucía', 'Aranguren', 'Covarrubias', '5', 'E', 4, NULL),
(6504, 9304, 'Lucía', 'Chidan', 'Moreno', '5', 'F', 4, NULL),
(6505, 3094, 'Rocío', 'Gómez-Ibarra', 'Pérez-Gil', '5', 'E', 4, NULL),
(6506, 1811, 'Jocelyn Guadalupe', 'Hernández', 'Valerio', '5', 'E', 4, NULL),
(6507, 1269, 'Karla', 'Avelar', 'Enciso', '5', 'F', 4, NULL),
(6508, 1332, 'Natalia Sofía', 'Montes de Oca', 'Ramírez', '5', 'E', 4, NULL),
(6509, 1904, 'Ana Karina', 'Barba', 'Cantarero', '5', 'F', 4, NULL),
(6510, 9138, 'Sofía', 'Castiello', 'Marroquín', '5', 'F', 4, NULL),
(6511, 913, 'María José', 'Álvarez', 'Zuloaga', '5', 'F', 4, NULL),
(6512, 240, 'Andrea Fabiola', 'Castellanos', 'Durán', '5', 'E', 4, NULL),
(6514, 1508, 'Denise', 'Ochoa', 'Garciarce', '5', 'F', 4, NULL),
(6515, 3104, 'Sofía', 'González', 'Sánchez', '5', 'E', 4, NULL),
(6517, 9305, 'Renata', 'Tostado', 'Zepeda', '5', 'F', 4, NULL),
(6519, 1039, 'Isabel', 'Rojas', 'Barba', '5', 'E', 4, NULL),
(6521, 9306, 'Isabella', 'Calcáneo', 'Muñoz', '5', 'E', 4, NULL),
(6523, 9307, 'Ana Paula', 'Morales', 'Verduzco', '5', 'E', 4, NULL),
(6524, 8014, 'Daniela', 'Carrillo', 'Ruiz', '5', 'E', 4, NULL),
(6525, 9149, 'María Inés', 'Morales', 'Orozco', '5', 'E', 4, NULL),
(6527, 3079, 'Alejandra', 'Rojas', 'Angulo', '5', 'F', 4, NULL),
(6531, 9308, 'Ana Paula', 'Gómez', 'Delgado', '5', 'E', 4, NULL),
(6532, 1114, 'Corina', 'Zannie', 'Calkins', '5', 'E', 4, NULL),
(6535, 9309, 'Daniela', 'Morales', 'Beckmann', '5', 'E', 4, NULL),
(6536, 9310, 'Daniela', 'García', 'Medrano', '5', 'E', 4, NULL),
(6539, 1085, 'Paola Guadalupe', 'Paniagua', 'Camacho', '5', 'E', 4, NULL),
(6540, 1384, 'María Fernanda', 'Escobedo', 'Flores', '5', 'F', 4, NULL),
(6541, 4510, 'Elizabeth', 'Flores', 'Aceves', '5', 'F', 4, NULL),
(6542, 1808, 'Andrea', 'Camarena', 'Plascencia', '5', 'F', 4, NULL),
(6546, 1387, 'Paulina', 'Gómez', 'Cárdenas', '5', 'E', 4, NULL),
(6547, 1907, 'Montserrat', 'Gatt', 'Ontiveros', '5', 'F', 4, NULL),
(6548, 1496, 'Cecilia', 'Mora', 'Orozco', '5', 'E', 4, NULL),
(6550, 6072, 'Hermela', 'Peña', 'Hinojosa', '5', 'F', 4, NULL),
(6551, 1165, 'Valeria Elizabeth', 'Maldonado', 'Núñez', '5', 'F', 4, NULL),
(6554, 7014, 'Carolina', 'Flores', 'Luelmo', '5', 'F', 4, NULL),
(6559, 1300, 'María del Carmen', 'Garciarce', 'Sánchez', '5', 'F', 4, NULL),
(6560, 1305, 'María Fernanda', 'Padilla', 'Silva', '5', 'E', 4, NULL),
(6564, 4046, 'Isabela', 'Camacho', 'Ramos', '5', 'E', 4, NULL),
(6569, 1100, 'María Fernanda', 'Sahagún', 'Sánchez Aldana', '5', 'E', 4, NULL),
(6570, 1444, 'Linet Michelle', 'Valencia', 'Hernández', '5', 'E', 4, NULL),
(6571, 9316, 'María José', 'González', 'Aubry', '5', 'F', 4, NULL),
(6572, 1195, 'Ana Laura', 'Camberos', 'Almada', '5', 'F', 4, NULL),
(6595, 8272, 'María Emilia', 'Malloy', 'Sánchez', '5', 'E', 4, NULL),
(6626, 9278, 'Andrea', 'Ruvalcaba', 'Valencia', '3', 'F', 4, NULL),
(6627, 6029, 'Bibiana', 'Márquez', 'Sánchez', '3', 'E', 4, NULL),
(6630, 8012, 'Alejandra', 'Fernández', 'Ojeda', '3', 'E', 4, NULL),
(6634, 4125, 'María José', 'Gómez', 'Maraver', '3', 'E', 4, NULL),
(6635, 8161, 'María José', 'Fuentes', 'Gómez', '3', 'F', 4, NULL),
(6636, 8178, 'Karla Victoria', 'Padilla', 'Sáinz', '3', 'E', 4, NULL),
(6637, 3001, 'María José', 'Aguilera', 'González', '3', 'F', 4, NULL),
(6645, 1303, 'Daniela', 'Hawa', 'Ascencio', '3', 'E', 4, NULL),
(6646, 7061, 'Stephanie', 'Affenita', 'Durón', '3', 'E', 4, NULL),
(6648, 9358, 'Elsa', 'Santacruz', 'Romero', '3', 'F', 4, NULL),
(6651, 9252, 'Luisa Fernanda', 'González', 'Gutiérrez', '3', 'E', 4, NULL),
(6652, 1441, 'Dafne Mariana', 'Rosales', 'Gómez', '3', 'E', 4, NULL),
(6655, 6018, 'Adriana', 'Hernández', 'Fernández', '3', 'F', 4, NULL),
(6657, 1472, 'Andrea', 'Martínez', 'Robles', '3', 'E', 4, NULL),
(6661, 1538, 'Paola', 'Ramírez', 'Urrea', '3', 'E', 4, NULL),
(6664, 9360, 'Renata', 'Hernández', 'Lomelí', '3', 'F', 4, NULL),
(6665, 848, 'María Fernanda', 'Santoscoy', 'Valencia', '3', 'F', 4, NULL),
(6667, 1631, 'María José', 'Salido', 'Martínez', '3', 'E', 4, NULL),
(6668, 9246, 'Julia', 'Covarrubias', 'Angulo', '3', 'F', 4, NULL),
(6669, 1821, 'Ana Sofía', 'Morett', 'Sainz', '3', 'F', 4, NULL),
(6670, 3101, 'Paloma', 'Uribe', 'Cruz', '3', 'F', 4, NULL),
(6672, 3289, 'Andrea', 'Rubio', 'Gerini', '3', 'F', 4, NULL),
(6673, 3004, 'Lucía', 'Alarcón', 'Llaguno', '3', 'E', 4, NULL),
(6674, 460, 'Elyanne', 'Toussaint', 'Escanes', '3', 'E', 4, NULL),
(6675, 1078, 'Paloma', 'Novo', 'Corona', '3', 'E', 4, NULL),
(6676, 533, 'Daniela', 'Minakata', 'Ponce', '3', 'E', 4, NULL),
(6678, 1124, 'Michelle', 'Rodríguez', 'Espinosa De Los Monteros', '3', 'E', 4, NULL),
(6679, 9143, 'Elia Sofía', 'Díaz', 'Guzmán', '3', 'E', 4, NULL),
(6680, 9254, 'Natalia', 'Razón', 'Guzmán', '3', 'E', 4, NULL),
(6681, 6044, 'María Regina', 'Lemus', 'Villa', '3', 'E', 4, NULL),
(6682, 9361, 'María Adriana', 'Landeros', 'Gómez', '3', 'E', 4, NULL),
(6684, 1414, 'Renata', 'Ramal', 'Acosta', '3', 'F', 4, NULL),
(6691, 9239, 'Paola Jacqueline', 'López', 'Corona', '3', 'F', 4, NULL),
(6692, 9364, 'Natalia', 'Muñoz', 'Valdivia', '3', 'E', 4, NULL),
(6694, 9365, 'Sofía', 'Horn', 'Pérez', '3', 'E', 4, NULL),
(6695, 519, 'Mariana Carolina', 'García', 'Manzano', '3', 'F', 4, NULL),
(6697, 9366, 'Regina Montserrat', 'López', 'Epelstein', '3', 'F', 4, NULL),
(6720, 9384, 'Ana Isabel', 'Cervantes', 'Ortíz', '5', 'F', 4, NULL),
(6763, 9417, 'Mónica', 'Orozco', 'Pérez Berrueco', '3', 'F', 4, NULL),
(6768, 1502, 'Karla', 'Vázquez', 'Álvarez', '1', 'E', 4, NULL),
(6769, 7182, 'Ana Gabriela', 'Cuellar', 'Amarillas', '1', 'I', 4, NULL),
(6771, 9303, 'Paulina', 'Gutiérrez', 'Velasco', '1', 'F', 4, NULL),
(6772, 7026, 'Michelle Andrea', 'López', 'Hernández', '1', 'I', 4, NULL),
(6773, 9309, 'Lucía', 'Morales', 'Beckmann', '1', 'F', 4, NULL),
(6774, 1127, 'Fernanda', 'Talamantes', 'Mota', '1', 'I', 4, NULL),
(6777, 6066, 'Kathia Paulina', 'Castellanos', 'Vega', '1', 'E', 4, NULL),
(6778, 2024, 'Natalia', 'Ruiz', 'León', '1', 'E', 4, NULL),
(6779, 727, 'Andrea', 'Michel', 'Ramírez', '1', 'E', 4, NULL),
(6780, 9422, 'Ivanna', 'González', 'Castellanos', '1', 'F', 4, NULL),
(6781, 1537, 'Carla Delfina', 'Pérez', 'Calderón', '1', 'E', 4, NULL),
(6782, 1201, 'Fernanda', 'Cunillé', 'Shaadi', '1', 'F', 4, NULL),
(6783, 3003, 'Fátima', 'Alafandi', 'Baeza', '1', 'E', 4, NULL),
(6784, 3302, 'Carmen Alicia', 'Conejo', 'Flores', '1', 'I', 4, NULL),
(6786, 1269, 'Montserrat', 'Avelar', 'Enciso', '1', 'F', 4, NULL),
(6788, 9247, 'María Jimena', 'Errejón', 'Flores', '1', 'F', 4, NULL),
(6791, 9423, 'Ximena', 'Huerga', 'Ortiz', '1', 'I', 4, NULL),
(6792, 9146, 'Fernanda', 'Campillo', 'Vivanco', '1', 'E', 4, NULL),
(6793, 945, 'Aranza', 'Sánchez de Antuñano', 'Durón', '1', 'I', 4, NULL),
(6795, 8013, 'Sofía', 'Lemus', 'González', '1', 'E', 4, NULL),
(6796, 9424, 'Juliana', 'Canales', 'Oruña', '1', 'F', 4, NULL),
(6797, 968, 'Athziri', 'Gómez', 'Padilla', '1', 'F', 4, NULL),
(6799, 8262, 'Fernanda', 'Guerra', 'Gómez', '1', 'F', 4, NULL),
(6800, 6038, 'Maya', 'Ibarra', 'Lemus', '1', 'I', 4, NULL),
(6801, 3164, 'Karla Sofía', 'López', 'González', '1', 'F', 4, NULL),
(6802, 7081, 'Montserrat', 'Mantiñán', 'Durón', '1', 'F', 4, NULL),
(6803, 9425, 'Mariana', 'Gortazar', 'Michel', '1', 'E', 4, NULL),
(6805, 578, 'Ana', 'Sahagún', 'Kunhardt', '1', 'F', 4, NULL),
(6806, 5056, 'Alma Karen', 'González', 'Cortés', '1', 'I', 4, NULL),
(6807, 1494, 'Lucía', 'Gómez', 'Hurtado', '1', 'I', 4, NULL),
(6809, 4565, 'Montserrat', 'Estrada', 'Barba', '1', 'I', 4, NULL),
(6810, 6079, 'María', 'Guzmán', 'Alcocer', '1', 'F', 4, NULL),
(6811, 8240, 'Sofía', 'Larios', 'Álvarez', '1', 'E', 4, NULL),
(6812, 6027, 'Paula', 'Fernández', 'Solorzano', '1', 'E', 4, NULL),
(6813, 8238, 'Daniela', 'Cantarero', 'Esqueda', '1', 'F', 4, NULL),
(6815, 4185, 'Judith', 'Macías', 'Álvarez', '1', 'I', 4, NULL),
(6816, 1178, 'Ana Paula', 'Cantarero', 'Álvarez', '1', 'E', 4, NULL),
(6817, 6035, 'Alejandra', 'Lozano', 'Espinosa', '1', 'E', 4, NULL),
(6819, 3059, 'Melanie', 'Díaz', 'Orozco', '1', 'E', 4, NULL),
(6820, 6036, 'Natalia', 'Orozco', 'Cabrera', '1', 'I', 4, NULL),
(6823, 4123, 'Ana Sofía', 'García', 'Vizcaíno', '1', 'I', 4, NULL),
(6824, 6061, 'Guillermina Dinora', 'Suárez', 'Gómez', '1', 'F', 4, NULL),
(6825, 7133, 'Samantha Alexa', 'Pérez', 'Pérez Cortés', '1', 'E', 4, NULL),
(6828, 5074, 'María José', 'Noriega', 'Navarro', '3', 'E', 4, NULL),
(6830, 7014, 'Nathalia', 'Flores', 'Luelmo', '1', 'F', 4, NULL),
(6833, 1810, 'Natalia', 'Cuesta', 'Cruz', '1', 'F', 4, NULL),
(6835, 9431, 'Macarena', 'Gavica', 'Peláez', '1', 'I', 4, NULL),
(6838, 1196, 'Valeria', 'Casas Alemán', 'Gómez', '1', 'I', 4, NULL),
(6839, 9147, 'Sofía', 'Aldrete', 'Arellano', '1', 'F', 4, NULL),
(6841, 959, 'Ana Paula', 'De la Mora', 'Rosado', '1', 'I', 4, NULL),
(6846, 501, 'María', 'Camarena', 'Siordia', '1', 'I', 4, NULL),
(6855, 9442, 'Paulina', 'Lama', 'Horn', '1', 'F', 4, NULL),
(6895, 637, 'Sofía Guadalupe', 'Ramírez', 'Ontiveros', '1', 'E', 4, NULL),
(6899, 6072, 'Luciana', 'Peña', 'Hinojosa', '3', 'C', 3, NULL),
(6900, 1907, 'Andrea', 'Gatt', 'Ontiveros', '3', 'C', 3, NULL),
(6901, 859, 'Paulina', 'Duarte', 'Pardo', '3', 'D', 3, NULL),
(6902, 6077, 'Carolina', 'Amezcua', 'Cuadra', '3', 'D', 3, NULL),
(6903, 1542, 'Jimena', 'Rivas', 'Gómez', '3', 'D', 3, NULL),
(6904, 9478, 'María Julia', 'Rizo', 'Gil', '3', 'D', 3, NULL),
(6905, 1302, 'Dominique', 'Gresati', 'Fernández', '3', 'D', 3, NULL),
(6907, 5074, 'Sofía', 'Noriega', 'Navarro', '3', 'C', 3, NULL),
(6908, 6088, 'María José', 'Urrea', 'Iturbide', '3', 'C', 3, NULL),
(6909, 9479, 'María Carolina', 'Corona', 'Orozco', '3', 'D', 3, NULL),
(6910, 9480, 'Victoria', 'Ramírez', 'Plasencia', '3', 'D', 3, NULL),
(6911, 6068, 'Natalia', 'Murueta', 'Hecht', '3', 'H', 3, NULL),
(6912, 9316, 'Ximena', 'González', 'Aubry', '3', 'D', 3, NULL),
(6913, 9481, 'Cecilia', 'Salido', 'Gutiérrez', '3', 'C', 3, NULL),
(6914, 8105, 'Valeria', 'Carrillo', 'López', '3', 'H', 3, NULL),
(6915, 6095, 'Alexa', 'Beckmann', 'Arroyo', '3', 'H', 3, NULL),
(6916, 9155, 'María José', 'Sordo', 'Robles', '3', 'D', 3, NULL),
(6917, 9202, 'Mariana Daniela', 'Zubieta', 'Ramírez', '3', 'C', 3, NULL),
(6919, 9482, 'Isabella', 'Pérez', 'Lanzagorta', '3', 'H', 3, NULL),
(6921, 8314, 'Mariana', 'Ramírez', 'Ruvalcaba', '3', 'H', 3, NULL),
(6922, 4600, 'Isabel', 'Pérez', 'Casillas', '3', 'C', 3, NULL),
(6923, 9156, 'Ana Isabel', 'Padilla', 'López', '3', 'H', 3, NULL),
(6924, 7089, 'Karla Janeth', 'Arias', 'Martín', '3', 'C', 3, NULL),
(6927, 6044, 'Camila', 'Lemus', 'Villa', '3', 'C', 3, NULL),
(6928, 1508, 'Myriam', 'Ochoa', 'Garciarce', '3', 'H', 3, NULL),
(6929, 1504, 'Mariana', 'De Alba', 'Fonseca', '3', 'H', 3, NULL),
(6931, 1153, 'Natalia', 'Hinojosa', 'Villa', '3', 'C', 3, NULL),
(6932, 6102, 'Mariana', 'Morales', 'Gutiérrez', '3', 'D', 3, NULL),
(6933, 4593, 'María José', 'Zúñiga', 'Acosta', '3', 'H', 3, NULL),
(6935, 4520, 'Andrea', 'Villa Velázquez', 'González', '3', 'C', 3, NULL),
(6936, 6063, 'María José', 'Gutiérrez', 'Vázquez del Mercado', '3', 'H', 3, NULL),
(6937, 4597, 'María Fernanda', 'Haro', 'Velasco', '3', 'H', 3, NULL),
(6938, 1182, 'Isabella', 'Covarrubias', 'Ruíz', '3', 'C', 3, NULL),
(6939, 9485, 'Andrea', 'Vázquez', 'Ojeda', '3', 'H', 3, NULL),
(6940, 4221, 'Crista', 'Navarro', 'Bolio', '3', 'H', 3, NULL),
(6942, 7165, 'Ana Emilia', 'Díaz', 'Barragan', '3', 'D', 3, NULL),
(6943, 1159, 'Mariana', 'Bojórquez', 'Amarillas', '3', 'C', 3, NULL),
(6966, 6008, 'Cecilia', 'Preciado', 'Ruiz Velasco', '3', 'C', 3, NULL),
(6967, 1039, 'María Inés', 'Rojas', 'Barba', '3', 'H', 3, NULL),
(6968, 7179, 'Daniella', 'Lizarraga', 'Madrigal', '3', 'C', 3, NULL),
(6970, 9246, 'Inés', 'Covarrubias', 'Angulo', '3', 'H', 3, NULL),
(6974, 5014, 'Lidia Natalia', 'Orozco', 'Magaña', '3', 'C', 3, NULL),
(6975, 6066, 'Fabiola Michelle', 'Castellanos', 'Vega', '3', 'H', 3, NULL),
(6976, 837, 'Sofía', 'De Oyarzabal', 'Garciarce', '3', 'D', 3, NULL),
(6982, 9505, 'María', 'Rueda', 'Treviño', '3', 'C', 3, NULL),
(6985, 1307, 'Regina', 'Preciado', 'Cámara', '3', 'D', 3, NULL),
(6988, 7132, 'Mariana', 'Martínez', 'Gayoso', '3', 'C', 3, NULL),
(7007, 413, 'María José', 'González', 'Chávez', '3', 'D', 3, NULL),
(7011, 9526, 'María', 'Balleza', 'Alonso', '1', 'I', 4, NULL),
(7028, 9540, 'Valeria', 'González', 'Jiménez', '3', 'C', 3, NULL),
(7029, 9540, 'Camila', 'González', 'Jiménez', '1', 'I', 4, NULL),
(7037, 9548, 'Cecilia', 'Partida', 'Flores', '3', 'D', 3, NULL),
(7046, 9552, 'Lorea', 'Urtuzuástegui', 'Paredes', '3', 'D', 3, NULL),
(7047, 6099, 'Jimena', 'Alcaraz', 'Tejeda', '2', 'D', 3, NULL),
(7048, 7068, 'Nerea', 'Zatarain', 'Ripoll', '2', 'C', 3, NULL),
(7050, 9554, 'Lorenza Alejandra', 'León', 'Pérez', '2', 'C', 3, NULL),
(7052, 4565, 'María Paola', 'Estrada', 'Barba', '2', 'D', 3, NULL),
(7053, 6071, 'Bárbara', 'Armienta', 'Fernández', '2', 'C', 3, NULL),
(7058, 5044, 'María de Fátima', 'Estrada', 'Campos', '2', 'C', 3, NULL),
(7060, 9364, 'Katia', 'Muñoz', 'Valdivia', '2', 'D', 3, NULL),
(7063, 6098, 'Inés', 'Monsalve', 'Gallegos', '2', 'C', 3, NULL),
(7064, 7154, 'Ximena', 'Suarez', 'Tapia', '2', 'C', 3, NULL),
(7065, 1078, 'Nicole', 'Novo', 'Corona', '2', 'C', 3, NULL),
(7066, 5029, 'Jimena', 'Trapero', 'Sánchez-Gil', '2', 'D', 3, NULL),
(7067, 9439, 'Ana', 'Torres', 'Navarro', '2', 'C', 3, NULL),
(7069, 1531, 'Isabella', 'Guerrero', 'Alcaráz', '2', 'D', 3, NULL),
(7070, 6121, 'Adriana', 'Carral', 'Ochoa', '2', 'D', 3, NULL),
(7071, 6101, 'Jimena', 'Mundo', 'Nava', '2', 'C', 3, NULL),
(7072, 4510, 'Camila', 'Flores', 'Aceves', '2', 'C', 3, NULL),
(7073, 7022, 'Daniela', 'García', 'León', '2', 'C', 3, NULL),
(7075, 1925, 'Isabel', 'Orozco', 'Saucedo', '2', 'C', 3, NULL),
(7076, 9556, 'Fernanda', 'Alarcón', 'Acosta', '2', 'D', 3, NULL),
(7078, 9557, 'Ana Regina', 'Morelos', 'Valenzuela', '2', 'C', 3, NULL),
(7079, 6090, 'Alejandra Sofía', 'Dubin', 'Hernández', '2', 'C', 3, NULL),
(7082, 9558, 'Renata', 'Cuesta', 'Briseño', '2', 'C', 3, NULL),
(7083, 8255, 'Paula', 'Torres', 'Preciado', '2', 'D', 3, NULL),
(7087, 7163, 'Ximena', 'Buenrostro', 'Alvarez', '2', 'D', 3, NULL),
(7088, 9239, 'Perla Mariana', 'López', 'Corona', '2', 'D', 3, NULL),
(7089, 6014, 'Mavy', 'Flores', 'Hernández', '2', 'D', 3, NULL),
(7090, 2024, 'Adriana', 'Ruiz', 'León', '2', 'D', 3, NULL),
(7092, 4621, 'Natalia', 'Reynoso', 'Obregón', '2', 'D', 3, NULL),
(7094, 8110, 'Ana Paula', 'Cuburu', 'Quiñonez', '2', 'C', 3, NULL),
(7097, 9561, 'Sofía', 'Cunillé', 'Elguero', '2', 'D', 3, NULL),
(7098, 1498, 'Karen', 'Padilla', 'Arroyo', '1', 'D', 3, NULL),
(7101, 1496, 'Daniela', 'Mora', 'Orozco', '2', 'C', 3, NULL),
(7103, 4564, 'Ivonne', 'Sánchez', 'Díaz', '2', 'C', 3, NULL),
(7104, 8121, 'Carla Gisel', 'Vargas', 'Becerra', '2', 'D', 3, NULL),
(7106, 1179, 'Valeria', 'Carrillo', 'Plasencia', '2', 'C', 3, NULL),
(7109, 9564, 'Daniela', 'Carlos', 'Plascencia', '2', 'C', 3, NULL),
(7112, 7014, 'Regina', 'Flores', 'Luelmo', '2', 'D', 3, NULL),
(7114, 9566, 'Andrea', 'Pérez-Vargas', 'Pinson', '1', 'E', 4, NULL),
(7115, 9566, 'Carolina', 'Pérez-Vargas', 'Pinson', '5', 'F', 4, NULL),
(7116, 1414, 'Karla Adriana', 'Ramal', 'Acosta', '2', 'C', 3, NULL),
(7147, 6064, 'Sofía', 'Castañeda', 'González', '2', 'D', 3, NULL),
(7148, 5087, 'Ana Paula', 'Amador', 'Huerta', '2', 'C', 3, NULL),
(7157, 9591, 'Isabella', 'Matías', 'Heredia', '3', 'F', 4, NULL),
(7158, 9591, 'Catalina', 'Matías', 'Heredia', '5', 'E', 4, NULL),
(7161, 9540, 'Fátima', 'González', 'Jiménez', '2', 'D', 3, NULL),
(7201, 9618, 'Daniela', 'Tamayo', 'Arregui', '1', 'I', 4, NULL),
(7205, 6025, 'Alexa', 'Aguilar', 'Martínez', '1', 'D', 3, NULL),
(7206, 6027, 'Inés', 'Fernández', 'Solorzano', '1', 'D', 3, NULL),
(7207, 1526, 'Mariajosé', 'Echeverri', 'Arroyo', '1', 'C', 3, NULL),
(7208, 9309, 'María Teresa', 'Morales', 'Beckmann', '1', 'H', 3, NULL),
(7209, 9366, 'Renata', 'López', 'Epelstein', '1', 'D', 3, NULL),
(7212, 1143, 'Mariana Guadalupe', 'Ramírez', 'Cervantes', '5', 'E', 4, NULL),
(7213, 6121, 'Julieta', 'Carral', 'Ochoa', '1', 'C', 3, NULL),
(7214, 9592, 'Regina', 'Díaz', 'Palacio', '1', 'H', 3, NULL),
(7215, 9623, 'Valeria', 'Espinoza', 'Morales', '1', 'C', 3, NULL),
(7217, 9358, 'Fernanda', 'Santacruz', 'Romero', '1', 'H', 3, NULL),
(7218, 9625, 'Ana Sofia', 'Cruz', 'Hinojosa', '1', 'C', 3, NULL),
(7219, 9626, 'María Inés', 'De la Rosa', 'Villalever', '1', 'C', 3, NULL),
(7220, 1338, 'Natalia', 'Zaragoza', 'De la Torre', '1', 'D', 3, NULL),
(7222, 9628, 'María Valentina', 'Hernández', 'Morales', '1', 'D', 3, NULL),
(7223, 9629, 'María del Carmen', 'Sánchez Aldana', 'Amozurrutia', '1', 'H', 3, NULL),
(7224, 9306, 'María', 'Calcáneo', 'Muñoz', '1', 'D', 3, NULL),
(7225, 9630, 'Marianna', 'Orea', 'Gallo', '1', 'H', 3, NULL),
(7226, 9631, 'Marianna', 'Alba', 'Ríos', '1', 'H', 3, NULL),
(7227, 1153, 'Isabella', 'Hinojosa', 'Villa', '1', 'C', 3, NULL),
(7228, 9632, 'Andrea Michelle', 'Hernández', 'González', '1', 'H', 3, NULL),
(7229, 9634, 'Florencia', 'Alessi', 'Araque', '1', 'C', 3, NULL),
(7230, 9634, 'Isabella', 'Alessi', 'Araque', '1', 'F', 4, NULL),
(7231, 9634, 'Ivanna Cecilia', 'Alessi', 'Araque', '3', 'E', 4, NULL),
(7234, 9636, 'Daniela', 'Guzmán', 'Padilla', '1', 'C', 3, NULL),
(7235, 9637, 'Valeria', 'Recio', 'De Aguinaga', '1', 'H', 3, NULL),
(7236, 812, 'María Fernanda', 'Iñiguez', 'Castellanos', '1', 'H', 3, NULL),
(7238, 9639, 'Lucía', 'Sánchez Pillot', 'Castillo', '1', 'H', 3, NULL),
(7240, 6005, 'Paulina de María', 'Martínez', 'Escalante', '1', 'D', 3, NULL),
(7241, 6102, 'Fernanda', 'Morales', 'Gutierrez', '1', 'C', 3, NULL),
(7242, 9641, 'Carolina', 'Alvarez', 'Elorriaga', '1', 'D', 3, NULL),
(7243, 5087, 'Loren', 'Amador', 'Huerta', '1', 'D', 3, NULL),
(7244, 1284, 'María Fernanda', 'Castellanos', 'López', '1', 'H', 3, NULL),
(7245, 9642, 'Claudia', 'Orea', 'Gómez Ibarra', '1', 'C', 3, NULL),
(7247, 9155, 'Ximena', 'Sordo', 'Robles', '1', 'D', 3, NULL),
(7248, 6061, 'María José', 'Suárez', 'Gómez', '1', 'D', 3, NULL),
(7249, 9644, 'María Fernanda', 'Hernández', 'Jaramillo', '1', 'C', 3, NULL),
(7250, 9645, 'Camila', 'Schroeder', 'Harsanyi', '1', 'H', 3, NULL),
(7251, 7081, 'Andrea', 'Mantiñan', 'Durón', '1', 'H', 3, NULL),
(7252, 8262, 'Inés', 'Guerra', 'Gómez', '1', 'D', 3, NULL),
(7253, 845, 'Diana Carolina', 'Padilla', 'Navarro', '1', 'D', 3, NULL),
(7254, 9646, 'Fernanda', 'Mena', 'Santos', '1', 'D', 3, NULL),
(7255, 9480, 'Natalia', 'Ramírez', 'Plasencia', '1', 'H', 3, NULL),
(7256, 9647, 'Carola', 'Arregui', 'Alvarez', '1', 'C', 3, NULL),
(7257, 9648, 'Andrea', 'Hernández', 'Vargas', '6', 'B', 2, NULL),
(7258, 9649, 'Montserrat', 'Ramírez', 'Bayardo', '1', 'H', 3, NULL),
(7259, 9650, 'María Elena', 'Vizcaíno', 'Alanis', '1', 'E', 4, NULL),
(7261, 1269, 'María José', 'Avelar', 'Enciso', '1', 'H', 3, NULL),
(7262, 8018, 'Ana Sofía', 'González', 'Sánchez', '1', 'D', 3, NULL),
(7264, 9654, 'Myriam Alejandra', 'Gaxiola', 'Estrada', '1', 'H', 3, NULL),
(7265, 9655, 'Natalia', 'González', 'Hernández', '1', 'D', 3, NULL),
(7267, 9656, 'Ana Sofía', 'González', 'Salazar', '3', 'D', 3, NULL),
(7268, 9657, 'Maricarmen', 'Morales', 'González', '1', 'H', 3, NULL),
(7270, 9566, 'Alejandra', 'Pérez-Vargas', 'Pinson', '3', 'C', 3, NULL),
(7272, 776, 'María José', 'Barragán', 'Figueroa', '1', 'D', 3, NULL),
(7273, 9660, 'Alejandra', 'Morales', 'Villaseñor', '1', 'C', 3, NULL),
(7274, 8255, 'Lucía', 'Torres', 'Preciado', '1', 'D', 3, NULL),
(7275, 9661, 'Arantxa María', 'Ramírez', 'Alonso', '1', 'H', 3, NULL),
(7276, 663, 'María', 'González', 'Figueroa', '1', 'D', 3, NULL),
(7278, 9662, 'Paola', 'Carral', 'Ochoa', '1', 'C', 3, NULL),
(7279, 8161, 'Inés', 'Fuentes', 'Gómez', '1', 'C', 3, NULL),
(7280, 9663, 'Ana Sofía', 'Macedo', 'Domínguez', '1', 'D', 3, NULL),
(7281, 9664, 'Andrea', 'González', 'Guerrero', '1', 'C', 3, NULL),
(7285, 9668, 'María José', 'Trigo', 'De la Garza', '1', 'D', 3, NULL),
(7287, 9617, 'Giovana Ma. Fernanda', 'Gómez', 'Hernández', '1', 'D', 3, NULL),
(7288, 9384, 'María', 'Cervantes', 'Ortíz', '1', 'C', 3, NULL),
(7290, 9671, 'Daniela', 'Gómez', 'Moreno', '2', 'C', 3, NULL),
(7291, 9310, 'Isabela', 'García', 'Medrano', '1', 'H', 3, NULL),
(7293, 9253, 'Inés', 'Villa', 'Ituarte', '1', 'H', 3, NULL),
(7294, 9304, 'María', 'Chidan', 'Moreno', '2', 'C', 3, NULL),
(7331, 9696, 'Karyme', 'Castellanos', 'Sánchez', '1', 'H', 3, NULL),
(7335, 4593, 'María Alejandra', 'Zúñiga', 'Acosta', '1', 'C', 3, NULL),
(7342, 9166, 'Fátima Alejandra', 'Corona', 'Reynoso', '2', 'C', 3, NULL),
(7349, 9706, 'Anamary', 'Ozuna', 'Gutiérrez', '3', 'F', 4, NULL),
(7350, 9706, 'Melisa', 'Ozuna', 'Gutiérrez', '3', 'C', 3, NULL),
(7362, 9715, 'Paola', 'Hinojosa', 'Castellanos', '3', 'D', 3, NULL),
(7363, 9715, 'Natalia', 'Hinojosa', 'Castellanos', '3', 'F', 4, NULL),
(7388, 9738, 'Valeria', 'Tostado', 'García', '6', 'B', 2, NULL),
(7393, 9304, 'Andrea', 'Chidan', 'Moreno', '6', 'G', 2, NULL),
(7394, 1305, 'Viviana', 'Padilla', 'Silva', '6', 'G', 2, NULL),
(7395, 9630, 'Alexa', 'Orea', 'Gallo', '5', 'B', 2, NULL),
(7396, 9481, 'Natalia', 'Salido', 'Gutiérrez', '6', 'A', 2, NULL),
(7397, 9742, 'Jovanna Michelle', 'Martín', 'Rivera', '6', 'A', 2, NULL),
(7399, 9743, 'María Fernanda', 'Gamboa', 'Martínez', '6', 'B', 2, NULL),
(7400, 6121, 'Nicole', 'Carral', 'Ochoa', '6', 'B', 2, NULL),
(7403, 9746, 'Paulina', 'Rico', 'López', '6', 'G', 2, NULL),
(7404, 9747, 'Sofía', 'Llamas', 'Núñez', '1', 'E', 4, NULL),
(7406, 9748, 'María Ximena', 'Martínez', 'Chapa', '6', 'A', 2, NULL),
(7407, 9749, 'Valeria', 'Rodríguez', 'López', '6', 'G', 2, NULL),
(7408, 9750, 'Michelle', 'Hitti', 'García de Alba', '6', 'B', 2, NULL),
(7409, 9751, 'Fátima', 'Esponda', 'Leaño', '6', 'A', 2, NULL),
(7410, 9752, 'Lenka', 'Garciarce', 'Nechyba', '6', 'A', 2, NULL),
(7411, 9752, 'Dagmar', 'Garciarce', 'Nechyba', '6', 'B', 2, NULL),
(7412, 9753, 'Fernanda', 'Isaac', 'De Santiago', '6', 'B', 2, NULL),
(7413, 1925, 'Lourdes', 'Orozco', 'Saucedo', '6', 'G', 2, NULL),
(7414, 4210, 'María Fernanda', 'Monjarás', 'Romo', '6', 'A', 2, NULL),
(7415, 9754, 'María José', 'García', 'Gómez', '6', 'B', 2, NULL),
(7416, 9755, 'Mariana', 'González', 'Hurtado', '6', 'G', 2, NULL),
(7417, 9756, 'Alessandra', 'Sandoval', 'Hinojosa', '6', 'G', 2, NULL),
(7418, 9757, 'Regina', 'Orendain', 'Hernández', '6', 'B', 2, NULL),
(7419, 9758, 'María', 'García', 'Aguilar', '6', 'G', 2, NULL),
(7420, 9759, 'Valentina', 'Ramírez', 'Gutiérrez', '6', 'B', 2, NULL),
(7422, 9760, 'Alejandra', 'Ibarra', 'Vizcarra', '6', 'B', 2, NULL),
(7423, 9761, 'Natalia', 'Atilano', 'Soto', '6', 'A', 2, NULL),
(7424, 9506, 'Natalia', 'Sánchez Proal', 'Amezcua', '5', 'F', 4, NULL),
(7425, 9763, 'Alejandra', 'Sereñi', 'Santos', '6', 'G', 2, NULL),
(7427, 9005, 'Natalia', 'García', 'Álvarez', '6', 'B', 2, NULL),
(7428, 9764, 'Natalia', 'González', 'Jiménez', '6', 'G', 2, NULL),
(7429, 9765, 'María', 'Fernández', 'Leyva', '6', 'G', 2, NULL),
(7430, 9766, 'Andrea', 'Orozco', 'Alarcón', '6', 'B', 2, NULL),
(7432, 9768, 'Ivanna', 'Navarro', 'Salido', '6', 'G', 2, NULL),
(7433, 1386, 'Diana Marisol', 'García', 'García', '6', 'G', 2, NULL),
(7434, 9769, 'Mariana', 'Dibildox', 'Morales', '6', 'A', 2, NULL),
(7435, 9770, 'Ana Ireri', 'Gómez', 'Arriaga', '6', 'G', 2, NULL),
(7436, 9439, 'Inés', 'Torres', 'Navarro', '6', 'A', 2, NULL),
(7438, 9772, 'Natalia', 'Martínez', 'Núñez', '6', 'A', 2, NULL),
(7439, 9773, 'Paulina', 'Arreola', 'Montes', '6', 'A', 2, NULL),
(7440, 9774, 'Aranza', 'López', 'Muñoz', '6', 'B', 2, NULL),
(7449, 9144, 'Miriam', 'Cuen', 'Quintero', '6', 'G', 2, NULL),
(7450, 1269, 'Daniela', 'Avelar', 'Enciso', '6', 'A', 2, NULL),
(7451, 1537, 'Camila Alondra', 'Pérez', 'Calderón', '6', 'B', 2, NULL),
(7452, 9785, 'Laura Renata', 'Urdapilleta', 'Rangel', '6', 'A', 2, NULL),
(7455, 11259, 'María Inés', 'Mayagoitia', 'Groso', '1', 'H', 3, NULL),
(7456, 11259, 'Alejandra', 'Mayagoitia', 'Groso', '2', 'D', 3, NULL),
(7457, 1904, 'Paula', 'Barba', 'Cantarero', '6', 'G', 2, NULL),
(7458, 1201, 'Adriana', 'Cunillé', 'Shaadi', '6', 'A', 2, NULL),
(7460, 11260, 'Daniela Michelle', 'Yerenas', 'Miranda', '3', 'H', 3, NULL),
(7461, 11261, 'María Ximena', 'Seijas', 'Girón', '2', 'D', 3, NULL),
(7462, 11262, 'Mariana', 'Jiménez', 'Mendoza', '6', 'B', 2, NULL),
(7489, 11281, 'Viviana', 'Miranda', 'Gómez', '1', 'C', 3, NULL),
(7493, 4559, 'Paulina', 'Márquez', 'Morett', '6', 'G', 2, NULL),
(7494, 11285, 'Pía', 'Corvera', 'Urrea', '6', 'B', 2, NULL),
(7495, 11286, 'Vanessa', 'Cabrera', 'Alatorre', '6', 'A', 2, NULL),
(7496, 11287, 'Jimena', 'González', 'Aramburu', '5', 'E', 4, NULL),
(7497, 11288, 'Luciana', 'Rubio', 'Leaño', '3', 'H', 3, NULL),
(7499, 522, 'María Georgina', 'Gutiérrez', 'Ibarra', '5', 'F', 4, NULL),
(7516, 6079, 'Andrea', 'Guzmán', 'Alcocer', '6', 'G', 2, NULL),
(7517, 11305, 'María Teresa', 'Ibarra', 'Amezcua', '5', 'F', 4, NULL),
(7520, 11306, 'Lucía', 'Barajas', 'Edid', '3', 'F', 4, NULL),
(7531, 11314, 'Alejandra', 'Rodríguez', 'Leaño', '3', 'D', 3, NULL),
(7532, 11314, 'Julia', 'Rodríguez', 'Leaño', '5', 'E', 4, NULL),
(7541, 4046, 'Mariana', 'Camacho', 'Ramos', '2', 'C', 3, NULL),
(7545, 11324, 'Mariana', 'González', 'Mora', '5', 'F', 4, NULL),
(7546, 11325, 'Daniela', 'Reyes', 'Ramírez', '1', 'C', 3, NULL),
(7548, 11327, 'Mariana', 'Rojas', 'Ochoa', '5', 'A', 2, NULL),
(7549, 11304, 'Karen', 'Márquez', 'Cuevas', '5', 'B', 2, NULL),
(7550, 6088, 'Natalia', 'Urrea', 'Iturbide', '5', 'B', 2, NULL),
(7551, 11288, 'Constanza', 'Rubio', 'Leaño', '5', 'B', 2, NULL),
(7552, 11328, 'Nicole', 'Marín', 'Sánchez Carrillo', '5', 'A', 2, NULL),
(7554, 9743, 'Paula', 'Gamboa', 'Martínez', '5', 'B', 2, NULL),
(7555, 9743, 'Regina', 'Gamboa', 'Martínez', '5', 'A', 2, NULL),
(7556, 9480, 'Regina', 'Ramírez', 'Plasencia', '5', 'B', 2, NULL),
(7557, 9748, 'María Regina', 'Martínez', 'Chapa', '5', 'A', 2, NULL),
(7558, 1216, 'Ines', 'Rivera', 'Celis', '5', 'B', 2, NULL),
(7559, 11330, 'Regina', 'Cadena', 'Carreño', '5', 'A', 2, NULL),
(7560, 11331, 'Alexia', 'Del Moral', 'González', '5', 'B', 2, NULL),
(7561, 11332, 'María Inés', 'Carús', 'Pérez-Bouquet', '5', 'B', 2, NULL),
(7562, 11333, 'Fabiana', 'Rodríguez y Gascón', 'González', '5', 'A', 2, NULL),
(7564, 9745, 'Isabella', 'Urrea', 'González', '5', 'A', 2, NULL),
(7565, 11335, 'Ana Camila', 'García', 'Hernández', '5', 'B', 2, NULL),
(7566, 7026, 'Ana Paula', 'López', 'Hernández', '5', 'B', 2, NULL),
(7567, 11336, 'Natalia', 'Clouthier', 'Lugo', '5', 'E', 4, NULL),
(7569, 9642, 'Ximena', 'Orea', 'Gómez Ibarra', '5', 'A', 2, NULL),
(7570, 4621, 'Paula', 'Reynoso', 'Obregón', '5', 'A', 2, NULL),
(7572, 11339, ' Inés', 'Del Fierro', 'García', '5', 'B', 2, NULL),
(7573, 9647, 'Ana María', 'Arregui', 'Alvarez', '5', 'B', 2, NULL),
(7574, 9647, 'Inés', 'Arregui', 'Alvarez', '5', 'A', 2, NULL),
(7575, 11340, 'Mariana', 'Cordero', 'Escoto', '5', 'B', 2, NULL),
(7576, 11341, 'Ximena', 'Orendáin', 'Macedo', '5', 'B', 2, NULL),
(7577, 11342, 'Mariana Lorenza', 'Nájera', 'Covarrubias', '5', 'B', 2, NULL),
(7578, 11343, 'Fernanda', 'Del Río', 'Velasco', '5', 'B', 2, NULL),
(7579, 7061, 'Daniela', 'Affenita', 'Durón', '5', 'A', 2, NULL),
(7580, 9424, 'Valeria', 'Canales', 'Oruña', '5', 'A', 2, NULL),
(7581, 11345, 'Luz Abigail', 'Torres Hall', 'Silva', '5', 'B', 2, NULL),
(7582, 11346, 'María Fernanda', 'Uribe', 'Arana', '5', 'A', 2, NULL),
(7583, 9650, 'Giovanna Gianelly', 'Vizcaíno', 'Alanis', '5', 'B', 2, NULL),
(7584, 11347, 'Mariana', 'Malfavón', 'Paredes', '5', 'A', 2, NULL),
(7585, 1035, 'Ana Sofía', 'Madrigal', '', '5', 'A', 2, NULL),
(7586, 7163, 'Valeria', 'Buenrostro', 'Alvarez', '5', 'A', 2, NULL),
(7590, 3018, 'Ana Paula', 'Barba', 'Torres', '5', 'A', 2, NULL),
(7591, 11350, 'Ana Cecilia', 'Tostado', 'Cavazos', '5', 'A', 2, NULL),
(7592, 11351, 'Renata', 'Carrillo', 'Watanabe', '5', 'A', 2, NULL),
(7593, 1084, 'Natalia', 'Palero', 'Roca', '5', 'B', 2, NULL),
(7595, 11353, 'Montserrat', 'Zavala', 'Reynoso', '6', 'B', 2, NULL),
(7596, 11353, 'Ana Sofía', 'Zavala', 'Reynoso', '3', 'D', 3, NULL),
(7598, 11354, 'Sofía', 'Gómez', 'González', '5', 'A', 2, NULL),
(7599, 11355, 'Viviana', 'Pérez Lete', 'Reynoso', '5', 'B', 2, NULL),
(7602, 1337, 'Mariana', 'Tamayo', 'Morales', '5', 'A', 2, NULL),
(7603, 9144, 'María José', 'Cuen', 'Quintero', '5', 'A', 2, NULL),
(7605, 11358, 'Constanza', 'Candiani', 'Robles', '6', 'B', 2, NULL),
(7606, 11358, 'Donatella', 'Candiani', 'Robles', '1', 'F', 4, NULL),
(7607, 11359, 'Daniela', 'Dorantes', 'Ibarreche', '5', 'A', 2, NULL),
(7608, 6101, 'Valeria', 'Mundo', 'Nava', '5', 'B', 2, NULL),
(7611, 11362, 'Karima', 'Martínez', 'Sandoval', '5', 'A', 2, NULL),
(7612, 11363, 'Ana Paola', 'Navarro', 'Casillas', '5', 'A', 2, NULL),
(7613, 11364, 'María Regina', 'Favela', 'Caro', '5', 'B', 2, NULL),
(7614, 11365, 'Regina', 'Portilla', 'Corral', '2', 'C', 3, NULL),
(7617, 11368, 'María Fernanda', 'Sánchez', 'Michel', '3', 'H', 3, NULL),
(7618, 11368, 'Isabela Margarita', 'Sánchez', 'Michel', '1', 'E', 4, NULL),
(7619, 11369, 'Shadyia Mariam', 'Baruqui', 'Estrada', '3', 'C', 3, NULL),
(7642, 11382, 'Jimena', 'García', 'Alcaraz', '2', 'C', 3, NULL),
(7643, 11383, 'Denisse', 'Rojas', 'Ponzo', '5', 'A', 2, NULL),
(7645, 11385, 'Carolina', 'Cruz', 'Flores', '5', 'B', 2, NULL),
(7647, 11387, 'Ana María', 'Suárez', 'Rojas', '5', 'B', 2, NULL),
(7650, 11390, 'Susana Regina', 'Peña', 'Zepeda', '5', 'A', 2, NULL),
(7651, 11391, 'Mariana Jimena', 'Nuño', 'Guzmán', '5', 'B', 2, NULL),
(7653, 11325, 'Camía', 'Reyes', 'Ramírez', '5', 'B', 2, NULL),
(7654, 11393, 'Ximena', 'Hernández', 'González', '5', 'Z', 2, NULL),
(7656, 11394, 'Valentina', 'Solórzano', 'Valdés', '5', 'A', 2, NULL),
(7668, 11287, 'Mayte', 'González', 'Aramburu', '3', 'C', 3, NULL),
(7669, 11406, 'Pilar', 'Martínez', 'López de Lara', '5', 'B', 2, NULL),
(7671, 11408, 'Ximena', 'Jacques', 'Chávez', '6', 'A', 2, NULL),
(7672, 11408, 'Valeria', 'Jacques', 'Chávez', '2', 'D', 3, NULL),
(7673, 11409, 'Julieta', 'Quiroz', 'Barba', '1', 'D', 3, NULL),
(7674, 11410, 'Natalia', 'Garciarce', 'Lázaro', '6', 'A', 2, NULL),
(7676, 11411, 'Ana Lucía', 'Hernández', 'Morelos', '6', 'G', 2, NULL),
(7677, 11412, 'Mariana', 'Vázquez', 'Franco', '2', 'D', 3, NULL),
(7680, 11415, 'Sofía', 'Mendoza', 'Romero', '5', 'B', 2, NULL),
(7681, 1434, 'Stephanie', 'Vargas', 'Amézquita', '6', 'G', 2, NULL),
(7686, 11315, 'María Teresa', 'Garciarce', 'García', '5', 'F', 4, NULL),
(7687, 9248, 'Paola', 'Arámbula', 'Padilla', '3', 'H', 3, NULL),
(7688, 11419, 'Guadalupe Beatriz', 'Contreras', 'Bilbao', '1', 'E', 4, NULL),
(7689, 1303, 'Regina', 'Hawa', 'Ascencio', '3', 'F', 4, NULL),
(7692, 11421, 'Hiroko Victoria', 'González', 'Álvarez', '6', 'A', 2, NULL),
(7698, 11427, 'Isabella', 'Campos', 'González', '4', 'G', 2, NULL),
(7699, 11428, 'Lorena', 'Fornés', 'Arvayo', '1', 'D', 3, NULL),
(7700, 11428, 'Sofía', 'Fornés', 'Arvayo', '2', 'C', 3, NULL),
(7701, 11429, 'Isabel', 'Martínez del Campo', 'Mantilla', '4', 'A', 2, NULL),
(7704, 11431, 'Andrea', 'Gómez', 'Cadena', '4', 'A', 2, NULL),
(7706, 9641, 'Camila', 'Alvarez', 'Elorriaga', '4', 'B', 2, NULL),
(7707, 11433, 'Luisa', 'Beas', 'Díaz de León', '4', 'G', 2, NULL),
(7708, 6095, 'Andrea', 'Beckmann', 'Arroyo', '4', 'G', 2, NULL),
(7709, 11434, 'Paloma', 'Blanco', 'Gómez', '4', 'G', 2, NULL),
(7710, 11435, 'Ana Sofía', 'Castro', 'Ali Modad', '4', 'G', 2, NULL),
(7711, 11436, 'Michelle', 'Andrade', 'Lemus', '4', 'A', 2, NULL),
(7712, 6027, 'Mariana', 'Fernández', 'Solorzano', '4', 'B', 2, NULL),
(7714, 11437, 'Inés', 'Rodríguez', 'Zuloaga', '4', 'G', 2, NULL),
(7715, 11438, 'Renata', 'Gómez', 'Ortega', '4', 'G', 2, NULL),
(7717, 11440, 'Valeria', 'Zamudio', 'Santacruz', '4', 'B', 2, NULL),
(7718, 11441, 'Miranda Isabella', 'Márquez', 'Ortiz', '4', 'G', 2, NULL),
(7720, 9644, 'María Elisa', 'Hernández', 'Jaramillo', '4', 'A', 2, NULL),
(7721, 11442, 'Ximena', 'Gómez', 'Coblentz', '4', 'G', 2, NULL),
(7722, 11443, 'Marcela', 'Rodríguez', 'Millán', '4', 'A', 2, NULL),
(7723, 3068, 'Ximena', 'Fernández', 'Garciarce', '4', 'A', 2, NULL),
(7724, 11444, 'María Fernanda', 'Fuentes', 'Gaxiola', '4', 'A', 2, NULL),
(7725, 9664, 'Viviana', 'González', 'Guerrero', '4', 'A', 2, NULL),
(7726, 4210, 'Regina', 'Monjarás', 'Romo', '4', 'G', 2, NULL),
(7727, 11445, 'Camila', 'Ojeda', 'Velasco', '3', 'A', 2, NULL),
(7729, 11383, 'Tanya', 'Rojas', 'Ponzo', '4', 'B', 2, NULL),
(7730, 11411, 'Ximena', 'Hernández', 'Morelos', '4', 'A', 2, NULL),
(7731, 11446, 'Regina', 'Blanco', 'Landell', '4', 'B', 2, NULL),
(7732, 1826, 'Natalia', 'González', 'Cerda', '4', 'B', 2, NULL),
(7733, 5029, 'Regina', 'Trapero', 'Sánchez-Gil', '4', 'A', 2, NULL),
(7734, 9657, 'Alejandra', 'Morales', 'González', '4', 'B', 2, NULL),
(7735, 9632, 'Renata', 'Hernández', 'González', '4', 'G', 2, NULL),
(7736, 9763, 'Daniela', 'Sereñi', 'Santos', '3', 'A', 2, NULL),
(7737, 11447, 'Jimena', 'Sobrado', 'Delgado', '4', 'B', 2, NULL),
(7738, 11448, 'Renata', 'Toucet', 'Tostado', '4', 'A', 2, NULL),
(7739, 11449, 'Ana Paula', 'Partida', 'Ancona', '4', 'A', 2, NULL),
(7740, 9768, 'Romina', 'Navarro', 'Salido', '4', 'B', 2, NULL),
(7741, 11450, 'Sofía', 'Ramírez', 'Ramírez Valadez', '4', 'A', 2, NULL),
(7742, 11354, 'María José', 'Gómez', 'González', '4', 'G', 2, NULL),
(7743, 9668, 'Renata María', 'Trigo', 'De la Garza', '4', 'B', 2, NULL),
(7744, 11451, 'Nicole', 'Roux', 'Rod', '4', 'A', 2, NULL),
(7745, 11452, 'Mariajosé', 'Rojas', 'Cervantes', '4', 'G', 2, NULL),
(7747, 9423, 'Mariana', 'Huerga', 'Ortiz', '4', 'A', 2, NULL),
(7748, 11453, 'Sofía', 'Salido', 'Aldrete', '4', 'A', 2, NULL),
(7749, 1504, 'Carla', 'De Alba', 'Fonseca', '4', 'B', 2, NULL),
(7750, 9787, 'María', 'Villaseñor', 'Serratos', '4', 'G', 2, NULL),
(7751, 11454, 'Aranza', 'Soltero', 'Sandoval', '4', 'G', 2, NULL),
(7752, 11455, 'Valeria', 'Chavolla', 'Valdés', '4', 'G', 2, NULL),
(7753, 11343, 'María José', 'Del Río', 'Velasco', '3', 'A', 2, NULL),
(7754, 9759, 'Camila', 'Ramírez', 'Gutiérrez', '4', 'G', 2, NULL),
(7755, 11456, 'María del Pilar', 'Pastor', 'Aldana', '4', 'B', 2, NULL),
(7756, 11457, 'Romina', 'Lomelí', 'Navarro', '4', 'A', 2, NULL),
(7757, 6036, 'Valeria', 'Orozco', 'Cabrera', '4', 'A', 2, NULL),
(7758, 6101, 'Mariana', 'Mundo', 'Nava', '4', 'B', 2, NULL),
(7759, 11458, 'Regina', 'Guerra', 'López', '4', 'A', 2, NULL),
(7760, 11459, 'Fernanda', 'López', 'Gómez', '4', 'B', 2, NULL),
(7761, 11460, 'María', 'Coker', 'Tello', '4', 'A', 2, NULL),
(7762, 1039, 'Natalia', 'Rojas', 'Barba', '4', 'B', 2, NULL),
(7763, 11461, 'Alexa', 'Morales', 'Castellanos', '4', 'A', 2, NULL),
(7764, 11393, 'Renata', 'Hernández', 'González', '4', 'Z', 2, NULL),
(7766, 11462, 'Renata', 'Martín del Campo', 'Zayas', '4', 'G', 2, NULL),
(7767, 11463, 'Isabel', 'Alcocer', 'Güemez', '4', 'B', 2, NULL),
(7768, 11464, 'Jimena', 'Sandoval', 'Zuloaga', '4', 'A', 2, NULL),
(7769, 11465, 'Mariana', 'Ramos', 'Hopkins', '4', 'A', 2, NULL),
(7770, 11285, 'Ana', 'Corvera', 'Urrea', '4', 'B', 2, NULL),
(7771, 7132, 'Daniela', 'Martinez', 'Gayoso', '4', 'B', 2, NULL),
(7772, 9309, 'Gabriela', 'Morales', 'Beckmann', '4', 'A', 2, NULL),
(7792, 1631, 'Lucía', 'Salido', 'Martínez', '4', 'A', 2, NULL),
(7794, 11477, 'Isabella', 'Guevara', 'Aceves', '6', 'G', 2, NULL),
(7802, 11482, 'Natalia', 'Morales', 'Leroy', '4', 'B', 2, NULL),
(7803, 11483, 'Miranda Victoria', 'Hernández', 'De Alba', '4', 'G', 2, NULL),
(7804, 11484, 'Margarita', 'Serrano', 'Verduzco', '4', 'B', 2, NULL),
(7805, 11485, 'Mariana', 'Álvarez', 'Garza', '4', 'G', 2, NULL),
(7806, 11486, 'María', 'Méndez', 'Ramos', '4', 'A', 2, NULL),
(7808, 11488, 'Malú', 'Alcaraz', 'Virgen', '4', 'G', 2, NULL),
(7809, 11489, 'María José', 'Obregón', 'Cevallos', '4', 'B', 2, NULL),
(7811, 11491, 'Samantha', 'Martín', 'Orozco', '4', 'B', 2, NULL),
(7812, 11491, 'Ángela Karmina', 'Martín', 'Orozco', '6', 'G', 2, NULL),
(7819, 11497, 'Ana María', 'Hernández', 'Plasencia', '5', 'E', 4, NULL),
(7820, 11498, 'Regina', 'Fernández Agraz', 'González Guerra', '3', 'H', 3, NULL),
(7821, 11498, 'Paulina', 'Fernández Agraz', 'González Guerra', '5', 'E', 4, NULL),
(7830, 11497, 'Fernanda', 'Hernández', 'Plasencia', '3', 'H', 3, NULL),
(7831, 11504, 'Julia', 'Alvarez', 'Plasencia', '5', 'A', 2, NULL),
(7832, 11504, 'Alejandra', 'Alvarez', 'Plasencia', '3', 'C', 3, NULL),
(7836, 11507, 'Arantza', 'Manzur', 'De Alba', '4', 'B', 2, NULL),
(7837, 11508, 'Alejandra', 'Orozco', 'Fernández', '5', 'F', 4, NULL),
(7839, 11457, 'Ana Claudia', 'Lomelí', 'Navarro', '1', 'F', 4, NULL),
(7841, 11511, 'Regina', 'Uribe', 'Sánchez', '1', 'D', 3, NULL),
(7843, 11513, 'Mariana', 'González Luna', 'Chevallier', '4', 'B', 2, NULL),
(7845, 11514, 'Karen', 'Vizcaino', 'Vazquez', '3', 'F', 4, NULL),
(7847, 11516, 'Paula', 'Garciarce', 'Davila', '1', 'H', 3, NULL),
(7848, 11516, 'Karla', 'Garciarce', 'Davila', '2', 'D', 3, NULL),
(7849, 11516, 'Fernanda', 'Garciarce', 'Davila', '1', 'I', 4, NULL),
(7850, 11517, 'Elena', 'Navarro', '', '4', 'B', 2, NULL),
(7851, 11517, 'Isabella María', 'Navarro', 'Rodarte', '1', 'C', 3, NULL),
(7852, 11517, 'Maria Arcelia', 'Navarro', '', '2', 'D', 3, NULL),
(7854, 11519, 'Ana Paola', 'Ortega', 'Rodríguez', '5', 'A', 2, NULL),
(7856, 11521, 'Ximena', 'Esparza', 'Del Valle', '4', 'B', 2, NULL),
(7859, 11524, 'Erika', 'Limón', 'Olavarrieta', '3', 'F', 4, NULL),
(7860, 11525, 'Isabella', 'Hernandez', 'Garza', '6', 'G', 2, NULL),
(7861, 11525, 'Valeria', 'Hernandez', 'Garza', '6', 'A', 2, NULL),
(7863, 11526, 'Mariajosé', 'Berrueta', 'Zapata', '3', 'F', 4, NULL),
(7867, 11529, 'Brittney', 'Mendoza', 'Equihua', '5', 'A', 2, NULL),
(7870, 11531, 'Anna Sabrina', 'Del Río', 'Castro', '6', 'A', 2, NULL),
(7871, 11532, 'Paulina', 'Orozco', 'Sánchez', '1', 'H', 3, NULL),
(7874, 11535, 'María', 'Lerdo de Tejada', 'de Alba', '6', 'B', 2, NULL),
(7876, 11537, 'Ana Belén', 'Casanueva', 'Ramírez', '2', 'D', 3, NULL),
(7879, 11540, 'Regina', 'Pérez', 'Navarro', '1', 'C', 3, NULL),
(7881, 11542, 'Natalia', 'Plasencia', 'Alvarez', '6', 'B', 2, NULL),
(7883, 11543, 'Valeria', 'García', 'Cortés', '1', 'C', 3, NULL),
(7885, 11544, 'Tatiana', 'Aguirre', 'Nava', '3', 'A', 2, NULL),
(7886, 1804, 'María Alejandra', 'Altamirano', 'Gallardo', '2', 'A', 2, NULL),
(7887, 11545, 'Valentina', 'Amaral', 'Reyes', '3', 'A', 2, NULL),
(7889, 11547, 'Valeria', 'Arias', 'López', '3', 'B', 2, NULL),
(7891, 11549, 'Isabella', 'Arreola', 'Munguía', '3', 'B', 2, NULL),
(7892, 11550, 'Alexa', 'Avalos', 'Alvarez', '2', 'A', 2, NULL),
(7894, 11552, 'Regina', 'Bravo', 'Morales', '3', 'A', 2, NULL),
(7896, 11554, 'Carla Dolores', 'Chamorro', 'Peñalba', '3', 'B', 2, NULL),
(7898, 11419, 'Sofía Paola', 'Contreras', 'Bilbao', '3', 'B', 2, NULL),
(7899, 11556, 'María Andrea', 'Cuesta', 'Cortés', '3', 'B', 2, NULL),
(7901, 11558, 'Isabella', 'Farias', 'Guadalajara', '3', 'A', 2, NULL),
(7903, 8161, 'Mariana', 'Fuentes', 'Gómez', '3', 'A', 2, NULL),
(7904, 9770, 'María Sofía', 'Gómez', 'Arriaga', '3', 'B', 2, NULL),
(7905, 9764, 'Beatriz', 'González', 'Jiménez', '3', 'B', 2, NULL),
(7906, 11559, 'Ana Isabel', 'González', 'Ramírez', '3', 'B', 2, NULL),
(7907, 11560, 'Natalia', 'Guerra', 'Vázquez', '3', 'A', 2, NULL),
(7909, 9753, 'Julieta', 'Isaac', 'De Santiago', '3', 'A', 2, NULL),
(7910, 7026, 'Mariana Carolina', 'López', 'Hernández', '3', 'A', 2, NULL),
(7911, 9742, 'Larissa', 'Martín', 'Rivera', '3', 'B', 2, NULL),
(7912, 11562, 'Mariana', 'Mercado', 'Mora', '3', 'B', 2, NULL),
(7913, 11563, 'Valeria', 'Miranda', 'Bojórquez', '3', 'B', 2, NULL),
(7915, 11461, 'Kamille', 'Morales', 'Castellanos', '3', 'B', 2, NULL),
(7916, 9557, 'María', 'Morelos', 'Valenzuela', '3', 'B', 2, NULL),
(7917, 9364, 'Daniela', 'Muñoz', 'Valdivia', '3', 'A', 2, NULL),
(7918, 11565, 'Ana Sofía', 'Orellana', 'Pérez', '3', 'B', 2, NULL),
(7919, 11566, 'María Paula', 'Organista', 'Figueroa', '3', 'A', 2, NULL),
(7920, 11567, 'María', 'Ortiz', 'Jimenez', '3', 'A', 2, NULL),
(7922, 11568, 'Regina', 'Osorno', 'Natera', '3', 'A', 2, NULL),
(7923, 11569, 'Andrea', 'Pelayo', 'Sánchez', '3', 'A', 2, NULL),
(7924, 11570, 'Laura', 'Peregrina', 'Medellín', '3', 'B', 2, NULL),
(7925, 11571, 'Paola', 'Pérez', 'Rodríguez', '3', 'A', 2, NULL),
(7926, 11572, 'Montserrat', 'Pujol', 'Flores', '2', 'B', 2, NULL),
(7927, 11573, 'Mariana', 'Ramírez', 'Barboza', '3', 'B', 2, NULL),
(7930, 11288, 'Fernanda', 'Rubio', 'Leaño', '3', 'A', 2, NULL),
(7931, 11576, 'Sofía', 'Sánchez Gil', 'Rodríguez', '3', 'B', 2, NULL),
(7932, 11577, 'Regina', 'Sierra', 'Ramírez', '3', 'A', 2, NULL),
(7933, 11578, 'Regina', 'Soto', 'Barba', '3', 'B', 2, NULL),
(7934, 11579, 'Mariana', 'Soto', 'Toledo', '3', 'A', 2, NULL),
(7935, 11580, 'Sophia Marie', 'Stetson', 'Muñoz', '3', 'B', 2, NULL),
(7936, 11581, 'María José', 'Vázquez', 'Minakata', '3', 'B', 2, NULL),
(7937, 9485, 'Ximena', 'Vázquez', 'Ojeda', '3', 'A', 2, NULL),
(7938, 11582, 'Alexandra', 'Verduzco', 'Sandoval', '3', 'B', 2, NULL),
(7939, 11583, 'Ana Claudia', 'Ochoa', 'Arroyo', '3', 'A', 2, NULL),
(7940, 11497, 'Paula', 'Hernández', 'Plasencia', '3', 'A', 2, NULL),
(7941, 9558, 'María Paula', 'Cuesta', 'Briseño', '3', 'B', 2, NULL),
(7942, 11362, 'Ivanna', 'Martínez', 'Sandoval', '3', 'B', 2, NULL),
(7943, 11585, 'Alexa', 'Gonzalez Paul', 'Schultz', '3', 'A', 2, NULL),
(7944, 11586, 'María José', 'Gonzalez', 'Preciado', '3', 'A', 2, NULL),
(7945, 11587, 'Paula', 'Hernandez', 'Terrazas', '3', 'B', 2, NULL),
(7946, 11588, 'María', 'Padilla', 'Cuesta', '2', 'A', 2, NULL),
(7947, 11415, 'Andrea', 'Mendoza', 'Romero', '3', 'A', 2, NULL),
(7949, 6066, 'Paola Camille', 'Castellanos', 'Vega', '3', 'A', 2, NULL),
(7950, 6098, 'Begoña', 'Monsalve', 'Gallegos', '3', 'A', 2, NULL),
(7951, 9662, 'Rocío', 'Carral', 'Ochoa', '3', 'B', 2, NULL),
(7952, 11590, 'Alexa', 'Díaz', 'Dunn', '3', 'B', 2, NULL),
(7953, 11591, 'Paulina', 'Asencio', 'López', '4', 'G', 2, NULL),
(7954, 11592, 'Mariana', 'Carothers', 'Salido', '4', 'G', 2, NULL),
(7955, 11593, 'Fernanda', 'De Alba', 'Romero', '4', 'B', 2, NULL),
(7957, 11595, 'Fernanda', 'Medina', 'Sánchez', '4', 'A', 2, NULL),
(7958, 11596, 'Mariana', 'Ochoa', 'Vázquez', '4', 'G', 2, NULL),
(7959, 11591, 'Ana Cecilia', 'Asencio', 'López', '6', 'B', 2, NULL),
(7960, 11597, 'Ana Karen', 'Castellanos', 'Borondon', '6', 'A', 2, NULL),
(7961, 11598, 'Fernanda', 'Lopez', 'Damy', '6', 'B', 2, NULL),
(7962, 11595, 'Paula', 'Medina', 'Sánchez', '6', 'A', 2, NULL),
(7963, 11599, 'Andrea', 'Orendain', 'Muñoz', '6', 'B', 2, NULL),
(7964, 11599, 'Julieta', 'Orendain', 'Muñoz', '6', 'A', 2, NULL),
(7965, 11593, 'Andrea', 'De Alba', 'Romero', '1', 'C', 3, NULL),
(7967, 11597, 'Andrea', 'Castellanos', 'Borondon', '2', 'D', 3, NULL),
(7968, 11596, 'Andrea', 'Ochoa', 'Vázquez', '2', 'D', 3, NULL),
(7970, 11592, 'Sofía', 'Carothers', 'Salido', '3', 'C', 3, NULL),
(7972, 11598, 'Regina', 'Lopez', 'Damy', '3', 'H', 3, NULL),
(7973, 11601, 'María Paula', 'Salido', 'Gómez Ibarra', '3', 'D', 3, NULL),
(7974, 11602, 'Ana Paula', 'Zepeda', 'Pérez', '3', 'D', 3, NULL),
(7976, 11604, 'Florencia', 'Pardo', 'García', '1', 'E', 4, NULL),
(7989, 11593, 'Paola', 'De Alba', 'Romero', '1', 'F', 4, NULL),
(7990, 11593, 'Jimena', 'De Alba', 'Romero', '3', 'F', 4, NULL),
(7992, 11614, 'Isabella', 'Aceves', 'Ochoa', '3', 'A', 2, NULL),
(8002, 9774, 'Natalia María', 'López', 'Muñoz', '3', 'B', 2, NULL),
(8003, 11622, 'Fernanda', 'Soltero', 'Arregui', '4', 'G', 2, NULL),
(8004, 11623, 'Sophie Nicole', 'Carrillo', 'Aguilar', '3', 'A', 2, NULL),
(8009, 11351, 'Jimena', 'Carrillo', 'Watanabe', '3', 'B', 2, NULL),
(8010, 9716, 'Natalia', 'Green', 'Garciarce', '5', 'E', 4, NULL),
(8011, 11628, 'Miriam', 'Hernández', 'Mak', '5', 'B', 2, NULL),
(8012, 11629, 'Sofía', 'Saldaña', 'Antillon', '6', 'A', 2, NULL),
(8013, 11630, 'Inés', 'Sayeg', 'Somellera', '2', 'C', 3, NULL),
(8014, 11630, 'Lorenza', 'Sayeg', 'Somellera', '5', 'E', 4, NULL),
(8020, 11632, 'Valeria', 'Arámbula', 'González', '3', 'E', 4, NULL),
(8022, 11634, 'María José', 'Castillo', 'Gallo', '2', 'C', 3, NULL),
(8023, 1280, 'María Fernanda', 'Plasencia', 'García', '1', 'F', 4, NULL),
(8031, 11641, 'Ana María', 'Salas', 'Duclaud', '4', 'B', 2, NULL),
(8034, 11540, 'María Gabriela', 'Pérez', 'Navarro', '5', 'F', 4, NULL),
(8035, 11644, 'Natalia', 'Malacara', 'Jiménez', '2', 'D', 3, NULL),
(8037, 9482, 'Arantza', 'Pérez', 'Lanzagorta', '3', 'B', 2, NULL),
(8043, 3084, 'Luciana', 'Rosales', 'González', '3', 'H', 3, NULL),
(8057, 11658, 'Andrea', 'Silva', 'Reyes', '4', 'G', 2, NULL),
(8058, 11659, 'Mariana', 'Narváez', 'Oliveros', '2', 'A', 2, NULL),
(8060, 11661, 'Natalia', 'Espinosa', 'Torres', '2', 'B', 2, NULL),
(8061, 11662, 'Sofía', 'Sánchez', 'Solórzano', '2', 'B', 2, NULL),
(8062, 11663, 'Ximena', 'Padilla', 'García', '2', 'B', 2, NULL),
(8064, 8012, 'Natalia', 'Fernandez', 'Ojeda', '2', 'B', 2, NULL),
(8065, 11593, 'María Irene', 'De Alba', 'Romero', '2', 'A', 2, NULL),
(8066, 11443, 'Carolina', 'Rodríguez', 'Millán', '2', 'A', 2, NULL),
(8067, 11666, 'Paola', 'Mabarak', 'Carrandi', '2', 'A', 2, NULL),
(8068, 1508, 'María José', 'Ochoa', 'Garciarce', '2', 'A', 2, NULL),
(8069, 9636, 'Paola', 'Guzmán', 'Padilla', '2', 'A', 2, NULL),
(8070, 11516, 'Isabel', 'Garciarce', 'Davila', '2', 'B', 2, NULL),
(8071, 11667, 'Andrea', 'Silveyra', 'Alvarez', '2', 'B', 2, NULL),
(8072, 11668, 'Luciana', 'García', 'Calderón', '2', 'B', 2, NULL),
(8073, 11669, 'María Paola', 'Moreno', 'Sigala', '2', 'B', 2, NULL),
(8074, 11437, 'Paula', 'Rodríguez', 'Zuloaga', '2', 'B', 2, NULL),
(8075, 9746, 'María José', 'Rico', 'López', '2', 'A', 2, NULL),
(8076, 1178, 'Lucía', 'Cantarero', 'Álvarez', '2', 'B', 2, NULL),
(8077, 11670, 'Samantha', 'Zamora', 'Mena', '2', 'B', 2, NULL),
(8078, 11671, 'María Paula', 'Villalever', 'Carrillo', '2', 'A', 2, NULL),
(8079, 11359, 'María Andrea', 'Dorantes', 'Ibarreche', '2', 'A', 2, NULL),
(8080, 11521, 'Fernanda', 'Esparza', 'Del Valle', '1', 'G', 2, NULL),
(8081, 11672, 'Ania', 'Ramírez', 'Fernández', '2', 'A', 2, NULL),
(8082, 11465, 'Fernanda', 'Ramos', 'Hopkins', '2', 'A', 2, NULL),
(8083, 1303, 'Julia', 'Hawa', 'Ascencio', '2', 'A', 2, NULL),
(8084, 11673, 'Mariajosé', 'Ramírez', 'Gallardo', '2', 'A', 2, NULL),
(8085, 11674, 'Fernanda', 'García de la Vega', 'Delfín', '2', 'B', 2, NULL),
(8086, 11675, 'María', 'Montelongo', 'Echegollen', '2', 'B', 2, NULL),
(8087, 11676, 'Fernanda', 'Pelaez', 'Mora', '2', 'A', 2, NULL),
(8088, 11453, 'Inés', 'Salido', 'Aldrete', '2', 'B', 2, NULL),
(8089, 11677, 'Stephanie', 'Piza', 'Schultz', '2', 'B', 2, NULL),
(8091, 11347, 'Ana Paula', 'Malfavón', 'Paredes', '2', 'A', 2, NULL),
(8092, 9629, 'María Teresa', 'Sánchez Aldana', 'Amozurrutia', '2', 'A', 2, NULL),
(8093, 11678, 'Sara', 'Reyes', 'Torres', '2', 'B', 2, NULL),
(8094, 11679, 'María José', 'Gómez', 'Ladrón de Guevara', '2', 'B', 2, NULL),
(8095, 11444, 'Isabella', 'Fuentes', 'Gaxiola', '2', 'B', 2, NULL),
(8096, 11680, 'Julieta', 'Fernández', 'Barragán', '2', 'A', 2, NULL),
(8097, 11681, 'Natalia', 'Hernández Urtiz', 'Izquierdo', '2', 'B', 2, NULL),
(8098, 11682, 'Michelle', 'Tostado', 'Camarena', '2', 'B', 2, NULL),
(8099, 11442, 'Valeria', 'Gómez', 'Coblentz', '2', 'A', 2, NULL),
(8100, 11683, 'Paloma', 'Garciarce', 'Guerrero', '2', 'B', 2, NULL),
(8101, 11684, 'Fernanda', 'Nuñez', 'Valencia', '2', 'A', 2, NULL),
(8102, 11332, 'Lucía', 'Carús', 'Pérez-Bouquet', '2', 'B', 2, NULL),
(8103, 11685, 'Regina', 'Gómez Ibarra', 'Moreno', '2', 'A', 2, NULL),
(8104, 11686, 'Paola', 'Rangel', 'Gutiérrez', '2', 'B', 2, NULL),
(8105, 6044, 'Luciana', 'Lemus', 'Villa', '2', 'B', 2, NULL),
(8106, 11687, 'Daniela', 'De la Torre', 'Antuñano', '2', 'A', 2, NULL),
(8107, 11688, 'Ana Belén', 'Velasco', 'Anaya', '2', 'B', 2, NULL),
(8108, 11623, 'Sarah Michelle', 'Carrillo', 'Aguilar', '2', 'B', 2, NULL),
(8109, 5044, 'Noemí', 'Estrada', 'Campos', '2', 'B', 2, NULL),
(8110, 11689, 'Mia Valentina', 'García', 'Martín', '2', 'A', 2, NULL),
(8111, 3118, 'Sarah Dominique', 'Ibarra', 'De La Torre', '1', 'E', 4, NULL),
(8112, 3118, 'Aimeé Christabel', 'Ibarra', 'De La Torre', '2', 'D', 3, NULL),
(8113, 11690, 'Karola', 'Estrada', 'Martínez', '2', 'A', 2, NULL),
(8114, 11691, 'Carlota', 'Aldrete', 'Guzmán', '2', 'A', 2, NULL),
(8115, 11340, 'Alejandra', 'Cordero', 'Escoto', '2', 'B', 2, NULL),
(8116, 9425, 'Regina', 'Gortazar', 'Michel', '2', 'A', 2, NULL),
(8117, 11692, 'Inés', 'Heredia', 'Pedroza', '2', 'B', 2, NULL),
(8119, 9770, 'Fritzia María', 'Gómez', 'Arriaga', '2', 'A', 2, NULL),
(8120, 11693, 'Mariana', 'Méndez', 'Hecht', '2', 'B', 2, NULL),
(8136, 11704, 'Anna Claudia', 'Blanco', 'Lemus', '5', 'A', 2, NULL),
(8137, 11705, 'Diana', 'Aldaco', 'Quiroz', '2', 'C', 3, NULL),
(8138, 11706, 'Carolina', 'Ramos', 'Cárdenas', '4', 'G', 2, NULL),
(8139, 11706, 'Paulina', 'Ramos', 'Cárdenas', '5', 'B', 2, NULL),
(8143, 11710, 'Dulce María', 'Chávez', 'Aceves', '1', 'E', 4, NULL),
(8144, 11710, 'María del Pilar', 'Chávez', 'Aceves', '5', 'E', 4, NULL),
(8145, 11711, 'Michelle', 'Moyano', 'Barba', '6', 'B', 2, NULL),
(8146, 11711, 'Stephany', 'Moyano', 'Barba', '3', 'F', 4, NULL),
(8149, 11507, 'Ximena', 'Manzur', 'De Alba', '2', 'B', 2, NULL),
(8156, 11714, 'María José', 'Pérez', 'Soltero', '4', 'A', 2, NULL),
(8157, 11715, 'Natalia', 'Chávez', 'Landeros', '4', 'B', 2, NULL),
(8158, 11716, 'Michell', 'García', 'Herrera', '2', 'A', 2, NULL),
(8159, 11717, 'Paulina', 'Ortiz de Montellano', 'Sánchez', '2', 'A', 2, NULL),
(8162, 11438, 'Jimena', 'Gómez', 'Ortega', '2', 'B', 2, NULL),
(8163, 11714, 'Ana Paula', 'Pérez', 'Soltero', '3', 'D', 3, NULL),
(8165, 11427, 'Daniela', 'Campos', 'González', '2', 'B', 2, NULL),
(8166, 11720, 'María José', 'Villaseñor', 'Urióstegui', '3', 'B', 2, NULL);
INSERT INTO `alumno` (`id_alumno`, `id_familia`, `nombre_alumno`, `apellido_paterno`, `apellido_materno`, `grado`, `grupo`, `id_seccion`, `nombre`) VALUES
(8168, 11722, 'Paola', 'Figueroa', 'Reyes', '2', 'A', 2, NULL),
(8170, 11724, 'Astrid', 'Alzati', 'Müller', '5', 'B', 2, NULL),
(8177, 11729, 'Lorena', 'Villarruel', 'Servín', '4', 'G', 2, NULL),
(8186, 11735, 'Karola', 'Fuentes', 'Preciado', '1', 'B', 2, NULL),
(8187, 11327, 'Susana', 'Rojas', 'Ochoa', '1', 'A', 2, NULL),
(8188, 11736, 'Paula', 'Anaya', 'Olivares', '1', 'B', 2, NULL),
(8189, 11729, 'Verónica', 'Villarruel', 'Servín', '1', 'G', 2, NULL),
(8190, 11737, 'Ivanna', 'Ruvalcaba', 'Espinosa', '1', 'G', 2, NULL),
(8191, 9748, 'María Paloma', 'Martínez', 'Chapa', '1', 'B', 2, NULL),
(8192, 11460, 'Ana', 'Coker', 'Tello', '1', 'B', 2, NULL),
(8193, 11738, 'Isabella', 'Sánchez', 'Gamiño', '3', 'A', 2, NULL),
(8194, 11330, 'Isabel', 'Cadena', 'Carreño', '1', 'B', 2, NULL),
(8195, 11739, 'Paola Alessandra', 'Orozco', 'Gorjón', '1', 'G', 2, NULL),
(8196, 11740, 'Julieta', 'Loya', 'López', '1', 'A', 2, NULL),
(8197, 9753, 'Tessa', 'Isaac', 'De Santiago', '1', 'B', 2, NULL),
(8198, 11741, 'Inés', 'Flores', 'Jiménez', '1', 'B', 2, NULL),
(8199, 9765, 'Ana', 'Fernández', 'Leyva', '1', 'A', 2, NULL),
(8200, 11742, 'Mia', 'Martínez', 'Isaac', '1', 'A', 2, NULL),
(8201, 11743, 'Martha', 'Arroyo', 'Gerber', '1', 'G', 2, NULL),
(8202, 11744, 'María Fernanda', 'Espinosa', 'Navarro', '1', 'G', 2, NULL),
(8203, 11745, 'Natalia', 'Santos', 'Gómez', '1', 'B', 2, NULL),
(8204, 11746, 'Alexa Fernanda', 'Avila', 'Magaña', '1', 'G', 2, NULL),
(8205, 11572, 'María José', 'Pujol', 'Flores', '1', 'A', 2, NULL),
(8206, 11747, 'Fernanda', 'Gerber', 'Arroyo', '1', 'B', 2, NULL),
(8207, 11748, 'Alexa', 'González', 'González', '1', 'G', 2, NULL),
(8208, 11749, 'Alexia Jocelyn', 'González', 'Cano', '1', 'G', 2, NULL),
(8209, 11750, 'Valentina', 'López', 'Alvarez', '1', 'G', 2, NULL),
(8210, 11751, 'Andrea', 'Orozco', 'Aymes', '1', 'G', 2, NULL),
(8211, 11752, 'Abril', 'Cárdenas', 'Olivares', '1', 'A', 2, NULL),
(8212, 9754, 'Paulina', 'García', 'Gómez', '1', 'A', 2, NULL),
(8213, 9632, 'Giovanna', 'Hernández', 'González', '1', 'B', 2, NULL),
(8214, 4520, 'María', 'Villa Velázquez', 'González', '1', 'G', 2, NULL),
(8215, 9759, 'Silvana', 'Ramírez', 'Gutiérrez', '1', 'B', 2, NULL),
(8216, 11753, 'Romina', 'Ruiz', 'Peña', '1', 'A', 2, NULL),
(8217, 11754, 'Annette', 'Díaz', 'De la Peña', '1', 'B', 2, NULL),
(8218, 9423, 'Carolina', 'Huerga', 'Ortiz', '1', 'A', 2, NULL),
(8220, 11756, 'Paulina', 'Olimón', 'Madrigal', '1', 'B', 2, NULL),
(8221, 11757, 'María', 'Calderón', 'Chávez', '1', 'A', 2, NULL),
(8222, 11482, 'Andrea', 'Morales', 'LeRoy', '1', 'B', 2, NULL),
(8223, 4593, 'María Elisa', 'Zuñiga', 'Acosta', '1', 'G', 2, NULL),
(8224, 11758, 'María José', 'Alemán', 'Purata', '1', 'A', 2, NULL),
(8225, 11658, 'Regina', 'Silva', 'Reyes', '1', 'B', 2, NULL),
(8226, 11760, 'Ana Paula', 'Castellanos', 'Valdés', '1', 'G', 2, NULL),
(8227, 11761, 'María José', 'Estrada', 'Arreola', '1', 'B', 2, NULL),
(8228, 11762, 'Sofía', 'López', 'Vegambre', '1', 'B', 2, NULL),
(8229, 11763, 'Sofía', 'Escobar', 'Leaño', '1', 'A', 2, NULL),
(8230, 11764, 'María Fernanda', 'Avila', 'Cisneros', '1', 'A', 2, NULL),
(8231, 9316, 'Regina', 'González', 'Aubry', '1', 'G', 2, NULL),
(8232, 11765, 'Lyra Ximena', 'Sánchez', 'Barba', '1', 'A', 2, NULL),
(8233, 11766, 'Fernanda', 'Uranga', 'Mercado', '1', 'G', 2, NULL),
(8234, 6066, 'Giorgia Ivana', 'Castellanos', 'Vega', '1', 'B', 2, NULL),
(8235, 11767, 'Paloma', 'López', 'Camarena', '1', 'G', 2, NULL),
(8236, 11491, 'Isabella', 'Martín', 'Orozco', '1', 'A', 2, NULL),
(8237, 9485, 'Fernanda', 'Vázquez', 'Ojeda', '1', 'B', 2, NULL),
(8238, 9485, 'María', 'Vázquez', 'Ojeda', '1', 'A', 2, NULL),
(8239, 11768, 'Rebeca', 'Hernández', 'Romero', '1', 'A', 2, NULL),
(8240, 11334, 'Isabella', 'Gallardo', 'Parra', '1', 'Z', 2, NULL),
(8241, 11769, 'María Fernanda', 'Michel', 'Tejeda', '1', 'G', 2, NULL),
(8242, 11673, 'Andrea', 'Ramírez', 'Gallardo', '1', 'A', 2, NULL),
(8243, 11770, 'Paola', 'Gutiérrez', 'Martín', '1', 'B', 2, NULL),
(8244, 11445, 'Romina', 'Ojeda', 'Velasco', '1', 'G', 2, NULL),
(8245, 11771, 'María Fernanda', 'Galván', 'Torres', '1', 'G', 2, NULL),
(8246, 11772, 'Maritza', 'Alvarez', 'Echegollen', '1', 'A', 2, NULL),
(8247, 11773, 'Mariel', 'Escoto', 'Paredes', '1', 'A', 2, NULL),
(8248, 11774, 'Regina', 'Mestas', 'Castellanos', '1', 'A', 2, NULL),
(8249, 11738, 'Regina', 'Sánchez', 'Gamiño', '1', 'B', 2, NULL),
(8251, 11776, 'María', 'Morales', 'Obregón', '4', 'G', 2, NULL),
(8252, 11776, 'Regina', 'Morales', 'Obregón', '1', 'B', 2, NULL),
(8253, 11488, 'Luciana', 'Alcaraz', 'Virgen', '1', 'A', 2, NULL),
(8254, 11433, 'María José', 'Beas', 'Díaz de León', '1', 'G', 2, NULL),
(8259, 9557, 'Paula', 'Morelos', 'Valenzuela', '1', 'B', 2, NULL),
(8268, 11789, 'Sara María', 'Villegas', 'Márquez', '1', 'A', 2, NULL),
(8273, 11794, 'Daniela', 'López', 'Sánchez', '1', 'H', 3, NULL),
(8274, 11794, 'Jimena', 'López', 'Sánchez', '3', 'C', 3, NULL),
(8278, 11797, 'Belinda Xuxek', 'Vega', 'Castillo', '1', 'B', 2, NULL),
(8279, 6018, 'Sofía', 'Hernández', 'Fernández', '2', 'A', 2, NULL),
(8280, 11798, 'Sofía', 'Salgado', 'Moreno', '4', 'G', 2, NULL),
(8281, 11799, 'Ligia', 'Michel', 'Michel', '1', 'C', 3, NULL),
(8282, 11800, 'María Isabel', 'Gómez', 'Ruíz', '1', 'C', 3, NULL),
(8283, 11801, 'Regina', 'Morett', 'Hernández', '3', 'H', 3, NULL),
(8284, 11768, 'Renata', 'Hernández', 'Romero', '4', 'A', 2, NULL),
(8285, 11802, 'Ximena', 'Arufe', 'Ayala', '1', 'D', 3, NULL),
(8286, 11802, 'Valeria', 'Arufe', 'Ayala', '3', 'D', 3, NULL),
(8287, 11803, 'Eugenia', 'Delgado', 'Medrano', '3', 'H', 3, NULL),
(8289, 11805, 'Sofía', 'Gallardo', 'Castro', '2', 'B', 2, NULL),
(8290, 11806, 'Andrea', 'Morett', 'Allende', '2', 'C', 3, NULL),
(8291, 11806, 'Carolina', 'Morett', 'Allende', '3', 'E', 4, NULL),
(8295, 11809, 'Martha Janell', 'Fajer', 'Navarro', '1', 'I', 4, NULL),
(8303, 11816, 'Inés', 'Rosales', 'Hernández', '1', 'C', 3, NULL);

-- --------------------------------------------------------

--
-- Estructura de tabla para la tabla `alumno_has_clase`
--

CREATE TABLE IF NOT EXISTS `alumno_has_clase` (
  `id_alumno_has_clase` int(11) NOT NULL AUTO_INCREMENT,
  `id_alumno` int(11) NOT NULL,
  `id_clase` int(11) NOT NULL,
  `examen` varchar(45) DEFAULT NULL,
  `tipo` enum('sep','interna') NOT NULL,
  `parcial1` decimal(10,1) DEFAULT NULL,
  `parcial2` decimal(10,1) DEFAULT NULL,
  `parcial3` decimal(10,1) DEFAULT NULL,
  `semestral` decimal(10,1) DEFAULT NULL,
  `final` decimal(10,1) DEFAULT NULL,
  `faltas` int(11) DEFAULT NULL,
  `comentarios` varchar(500) DEFAULT NULL,
  PRIMARY KEY (`id_alumno_has_clase`),
  KEY `fk_boleta_has_clase_clase1_idx` (`id_clase`),
  KEY `fk_alumno_has_clase_alumno1_idx` (`id_alumno`)
) ENGINE=InnoDB  DEFAULT CHARSET=latin1 AUTO_INCREMENT=7 ;

--
-- Volcado de datos para la tabla `alumno_has_clase`
--

INSERT INTO `alumno_has_clase` (`id_alumno_has_clase`, `id_alumno`, `id_clase`, `examen`, `tipo`, `parcial1`, `parcial2`, `parcial3`, `semestral`, `final`, `faltas`, `comentarios`) VALUES
(1, 1, 1, 'Examen Parcial', 'sep', '9.5', '8.0', NULL, NULL, NULL, 2, 'Ninguna observación'),
(2, 2, 2, 'Examen Parcial Matematicas', 'interna', '7.5', '8.8', NULL, NULL, NULL, 1, 'Nada.'),
(3, 3, 4, 'Final', 'sep', '8.4', '8.1', '9.0', '8.8', '9.0', 5, 'Falta bastante'),
(4, 3, 3, 'Semestral', 'sep', '8.1', '9.1', '9.1', '9.3', '9.3', 1, 'Sin comentarios.'),
(5, 1, 3, '1', 'interna', '8.0', '8.0', '8.0', '8.0', '8.0', 1, NULL),
(6, 1, 4, 'Semestral', 'sep', NULL, NULL, NULL, NULL, NULL, NULL, NULL);

-- --------------------------------------------------------

--
-- Estructura de tabla para la tabla `alumno_has_tarea`
--

CREATE TABLE IF NOT EXISTS `alumno_has_tarea` (
  `id_alumno_has_tarea` int(11) NOT NULL AUTO_INCREMENT,
  `id_alumno` int(11) NOT NULL,
  `id_tarea` int(11) NOT NULL,
  `revisado_padres` enum('1','0') DEFAULT NULL,
  `entregado` enum('1','0') DEFAULT NULL,
  PRIMARY KEY (`id_alumno_has_tarea`),
  KEY `fk_alumno_has_tarea_alumno1_idx` (`id_alumno`),
  KEY `fk_alumno_has_tarea_tarea1_idx` (`id_tarea`)
) ENGINE=InnoDB  DEFAULT CHARSET=latin1 AUTO_INCREMENT=4 ;

--
-- Volcado de datos para la tabla `alumno_has_tarea`
--

INSERT INTO `alumno_has_tarea` (`id_alumno_has_tarea`, `id_alumno`, `id_tarea`, `revisado_padres`, `entregado`) VALUES
(1, 1, 1, NULL, NULL),
(2, 2, 2, NULL, NULL),
(3, 3, 3, NULL, NULL);

-- --------------------------------------------------------

--
-- Estructura de tabla para la tabla `asignacion_materias`
--

CREATE TABLE IF NOT EXISTS `asignacion_materias` (
  `id_materia` int(11) NOT NULL DEFAULT '0',
  `id_seccion` int(11) NOT NULL DEFAULT '0',
  `grado` decimal(2,0) NOT NULL DEFAULT '0',
  `grupo` varchar(4) NOT NULL DEFAULT '',
  `renglon` decimal(3,0) NOT NULL,
  `materia` varchar(35) NOT NULL DEFAULT '',
  `profesor` decimal(5,0) NOT NULL DEFAULT '0',
  PRIMARY KEY (`id_seccion`,`grado`,`grupo`,`renglon`),
  UNIQUE KEY `asignacion_materias_x` (`id_seccion`,`grado`,`grupo`,`materia`)
) ENGINE=MyISAM DEFAULT CHARSET=latin1;

-- --------------------------------------------------------

--
-- Estructura de tabla para la tabla `aviso`
--

CREATE TABLE IF NOT EXISTS `aviso` (
  `id_aviso` int(11) NOT NULL AUTO_INCREMENT,
  `titulo` varchar(100) DEFAULT NULL,
  `descripcion` varchar(500) DEFAULT NULL,
  `fecha` date DEFAULT NULL,
  `dirigido` varchar(45) DEFAULT NULL,
  `tipo` enum('mica','boletin','yarey','newsletter','generales') DEFAULT NULL,
  `archivo` varchar(150) DEFAULT NULL,
  PRIMARY KEY (`id_aviso`)
) ENGINE=InnoDB  DEFAULT CHARSET=utf8 AUTO_INCREMENT=18 ;

-- --------------------------------------------------------

--
-- Estructura de tabla para la tabla `calendario`
--

CREATE TABLE IF NOT EXISTS `calendario` (
  `id_calendario` int(11) NOT NULL AUTO_INCREMENT,
  `titulo` varchar(100) DEFAULT NULL,
  `descripcion` varchar(500) DEFAULT NULL,
  `horario` time DEFAULT NULL,
  `dirigido` varchar(100) DEFAULT NULL,
  `fecha` date DEFAULT NULL,
  `id_periodo` int(11) NOT NULL,
  `id_tipo_calendario` int(11) DEFAULT NULL,
  PRIMARY KEY (`id_calendario`),
  KEY `fk_calendario_periodo1_idx` (`id_periodo`)
) ENGINE=InnoDB  DEFAULT CHARSET=utf8 AUTO_INCREMENT=36 ;

--
-- Volcado de datos para la tabla `calendario`
--

INSERT INTO `calendario` (`id_calendario`, `titulo`, `descripcion`, `horario`, `dirigido`, `fecha`, `id_periodo`, `id_tipo_calendario`) VALUES
(21, 'Inscripción talleres extracurriculares', 'Del 18 al 22 de agosto serán las inscripciones a los talleres de:\rAtletismo.\rFútbol.\rVoleibol\rBásquetbol.\rAjedrez.\rCoro', '00:00:00', 'Primaria, Secundaria, Preparatoria', '2014-08-18', 1, NULL),
(22, 'Incia taller de Robótica', NULL, NULL, 'Preparatoria', '2014-08-18', 1, NULL),
(23, 'Sesión inicio curso APA', NULL, NULL, 'Padres de familia APA', '2014-08-20', 1, NULL),
(24, 'Envío de mica', 'La mica del mes de agosto contiene:\rReglamento de vialidad.\rCalendario escolar.\rBoletín "Desde Los Altos"\rClave SIE WEB.\rAviso de privacidad.\rBlock de pagos.\rPromoción talleres deportivos y club Yarey.\rInformación administrativa (digital)', '00:00:00', 'Padres de familia', '2014-08-21', 1, NULL),
(25, 'Inicia Acción Social', NULL, NULL, 'Preparatoria', '2014-08-25', 1, NULL),
(26, 'Inicio Nivel 1 Yarey', 'Inicia Nivel 1 Yarey para alumnas de 3º a 6º de Primaria', NULL, 'Alumnas 3º a 6º Primaria', '2014-08-25', 1, NULL),
(27, 'Inicio Talleres Deportivos y Robótica', NULL, NULL, 'Primaria y Secundaria', '2014-08-25', 1, NULL),
(28, 'Inicio Nivel 2 Yarey', 'Nivel 2 Yarey \rPara alumnas de 1º y 2º de Secundaria', NULL, 'Alumnas de 1º y 2º de Secundaria', '2014-08-27', 1, NULL),
(29, 'Inducción para Papás de Nuevo Ingreso', NULL, NULL, 'Padres de Familia nuevo ingreso', '2014-08-28', 1, NULL),
(30, 'Inicio Nivel 3 Yarey', 'Nivel 3: 3º de Secundaria', NULL, 'Alumnas de 3º de Secundaria', '2014-08-30', 1, NULL),
(31, 'Retiro Mensual mamás', 'Retiro en Rinconada en dos horarios disponibles:\r7:30 a 9:30\r10:30 a 13:30\r', NULL, 'Mamás', '2014-09-17', 1, NULL),
(32, 'Mica', NULL, NULL, 'Padres de familia', '2014-09-18', 1, NULL),
(33, 'Inicia LAR Amor Matrimonial', 'Estimados padres de familia:\r\rLos invitamos a participar en el programa para matrimonios de Primaria Menor: "Amor Matrimonial" que se desarrolla a través del Método del Caso, con grupos reducidos.\r\rEn este curso los matrimonios logran fijar criterios y conclusiones sobre temas vitales del matrimonio.\r\rInicio: martes 23 de septiembre.\rClausura: martes 11 de noviembre.\rLugar: auditorio del Colegio.\rHorario: 20.30 a 22.00 horas.\r\rInformes: Paola Castro ext. 225', '20:30:00', 'Matrimonios Primaria Menor', '2014-09-23', 1, NULL),
(34, 'Inicio Semana San Josemaría', NULL, NULL, NULL, '2014-09-22', 1, NULL),
(35, 'Beatificación Don Álvaro', NULL, NULL, NULL, '2014-09-27', 1, NULL);

-- --------------------------------------------------------

--
-- Estructura de tabla para la tabla `calificacion`
--

CREATE TABLE IF NOT EXISTS `calificacion` (
  `id_calificacion` int(11) NOT NULL,
  `id_periodo` int(11) unsigned NOT NULL DEFAULT '0',
  `id_materia` int(11) unsigned NOT NULL,
  `id_alumno` int(11) unsigned NOT NULL DEFAULT '0',
  `calificacion` varchar(10) NOT NULL DEFAULT '0.00',
  UNIQUE KEY `calificaciones_x` (`id_periodo`,`id_materia`,`id_alumno`)
) ENGINE=MyISAM DEFAULT CHARSET=latin1;

-- --------------------------------------------------------

--
-- Estructura de tabla para la tabla `clase`
--

CREATE TABLE IF NOT EXISTS `clase` (
  `id_clase` int(11) NOT NULL AUTO_INCREMENT,
  `materia` varchar(45) DEFAULT NULL,
  `id_maestro` int(11) NOT NULL,
  `id_periodo` int(11) NOT NULL,
  `horario` varchar(100) DEFAULT NULL,
  `dias` varchar(100) DEFAULT NULL,
  `horario_lunes` varchar(200) DEFAULT NULL,
  `horario_martes` varchar(200) DEFAULT NULL,
  `horario_miercoles` varchar(200) DEFAULT NULL,
  `horario_jueves` varchar(200) DEFAULT NULL,
  `horario_viernes` varchar(200) DEFAULT NULL,
  `grupo` varchar(10) DEFAULT NULL,
  `grado` int(11) DEFAULT NULL,
  `abreviatura` varchar(10) DEFAULT NULL,
  PRIMARY KEY (`id_clase`),
  KEY `fk_clase_maestro1_idx` (`id_maestro`),
  KEY `fk_clase_periodo1_idx` (`id_periodo`)
) ENGINE=InnoDB  DEFAULT CHARSET=utf8 AUTO_INCREMENT=52 ;

--
-- Volcado de datos para la tabla `clase`
--

INSERT INTO `clase` (`id_clase`, `materia`, `id_maestro`, `id_periodo`, `horario`, `dias`, `horario_lunes`, `horario_martes`, `horario_miercoles`, `horario_jueves`, `horario_viernes`, `grupo`, `grado`, `abreviatura`) VALUES
(1, 'Español 3b', 1, 1, '11:00 - 12:00', 'Mi, Ju', '11:00 - 12:00', '08:00 - 09:00', '12:00 - 13:00', '11:00 - 12:00', '10:00 - 11:00', 'B', 3, 'ESP'),
(2, 'Matemáticas', 2, 1, '12:00 - 1:00', 'Ma, Mi, Ju', '09:00 - 10:00', '10:00 - 12:00', '08:00 - 09:00', '10:00 - 11:00', '11:00 - 12:00', 'B', 3, 'MAT'),
(3, 'Ciencias Naturales', 3, 1, '10:00 - 11:00', 'Lu, Ju', '10:00 - 11:00', '12:00 - 13:00', '10:00 - 11:00', '09:00 - 10:00', '08:00 - 09:00', 'B', 3, 'CN'),
(4, 'Geografia', 4, 1, '8:00 - 10:00', 'Lu, Ma, Vi', '12:00 - 13:00', '13:00 - 14:00', '13:00 - 14:00', '08:00 - 09:00', '09:00 - 10:00', 'B', 3, 'GEO'),
(5, 'Honores a la bandera', 5, 1, NULL, NULL, '7.30 - 8.15', '', '', '', '', 'B', 1, 'HON'),
(6, 'Ortografía', 5, 1, NULL, NULL, '8.15 - 9.00', '', '', '', '', 'B', 1, 'ORT'),
(7, 'Recreo', 5, 1, NULL, NULL, '9.00 - 9.20', '9.00 - 9.20', '9.00 - 9.20', '9.00 - 9.20', '9.00 - 9.20', 'B', 1, 'REC'),
(8, 'Social Studies', 6, 1, NULL, NULL, '9.20 - 10.45', '', '', '', '', 'B', 1, 'SS'),
(9, 'Música', 7, 1, NULL, NULL, '10.45 - 11.25', '', '', '', '', 'B', 1, 'MUS'),
(10, 'Neuromotor', 8, 1, NULL, NULL, '11.25 - 12.10', '', '', '', '', 'B', 1, 'NM'),
(11, 'Recreo', 5, 1, NULL, NULL, '12.10 - 12.30', '12.10 - 12.30', '12.10 - 12.30', '12.10 - 12.30', '12.10 - 12.30', 'B', 1, 'REC'),
(12, 'Matemáticas', 9, 1, NULL, NULL, '12.30 - 13.15', '12.30 - 14.00', '', '13.15 - 14.00', '', 'B', 1, 'MAT'),
(13, 'Educación Física', 13, 1, NULL, NULL, '13.15 - 14.00', '', '', '', '', '', 0, 'EF'),
(15, 'Inglés ', 6, 1, NULL, NULL, '7.30 a 9.00', '', '10.45 a 12.10', '8.15 a 10.45', '9.20 a 10.45', 'B', 1, 'EN'),
(16, 'Religión', 10, 1, NULL, NULL, '', '9.20 - 10.05', '9.20 - 10.45', '', '', 'B', 1, 'REL'),
(17, 'Computación', 11, 1, NULL, NULL, '', '10.05 - 10.45', '', '', '', 'B', 1, 'COM'),
(18, 'Español', 5, 1, NULL, NULL, '', '10.45 - 12.10', '8.15 - 9.00', '', '10.45 - 12.10', 'B', 1, 'ESP'),
(19, 'Competencias Lectoras', 5, 1, NULL, NULL, '', '', '7.30 - 8.15', '', '', 'B', 1, 'CL'),
(20, 'Science', 6, 1, NULL, NULL, '', '', '12.30 - 13.15', '', '7.30 - 9.00', 'B', 1, 'SC'),
(21, 'Danza', 8, 1, NULL, NULL, '', '', '13.15 - 14.00', '', '', 'B', 1, 'DAN'),
(22, 'Singapur', 9, 1, NULL, NULL, '', '', '', '', '12.30 - 14.00', 'B', 1, 'SIN'),
(23, 'Formación Cívica', 5, 1, NULL, NULL, '', '', '', '7.30 - 8.15', '', 'B', 1, 'FC'),
(24, 'Tecnológicas', 12, 1, NULL, NULL, '', '', '', '10.45 - 12.10', '', 'B', 1, 'TEC'),
(25, 'Neuromotor / UTLI 1B', 5, 1, NULL, NULL, '', '', '', '12.30 - 13.15', '', 'B', 1, 'NM'),
(27, '4B Honores a la bandera', 14, 1, NULL, NULL, '7.30 a 8.15', '', '', '', '', 'B', 4, 'HON'),
(28, '4B Ortografía', 14, 1, NULL, NULL, '8.15 a 9.00', NULL, NULL, NULL, NULL, 'B', 4, 'ORT'),
(29, '4B Recreo', 14, 1, NULL, NULL, '9.00 a 9.20', '9.00 a 9.20', '9.00 a 9.20', '9.00 a 9.20', '9.00 a 9.20', 'B', 4, 'REC'),
(30, '4B Tecnológicas', 12, 1, NULL, NULL, '9.20 a 10.45', NULL, NULL, NULL, NULL, 'B', 4, 'TEC'),
(31, '4B Science', 15, 1, NULL, NULL, '10.45 a 12.10', '13.15 a 14.00', NULL, NULL, NULL, 'B', 4, 'SC'),
(32, '4B Inglés', 16, 1, NULL, NULL, '12.30 a 14.00', '10.45 a 12.10', '9.20 a 10.05', '9.20 a 10.45', '10.45 a 12.10', 'B', 4, 'ING'),
(33, '4B Matemáticas', 17, 1, NULL, NULL, NULL, '7.30 a 8.15', '7.30 a 9.00', '7.30 a 8.15', NULL, 'B', 4, 'MAT'),
(34, '4B Religión', 18, 1, NULL, NULL, NULL, '8.15 a 9.00', NULL, NULL, '12.30 a 14.00', 'B', 4, 'REL'),
(35, '4B Español', 14, 1, NULL, NULL, NULL, '9.20 a 10.45', NULL, '12.30 a 14.00', NULL, 'B', 4, 'ESP'),
(36, '4B Recreo', 14, 1, NULL, NULL, '12.10 a 12.30', '12.10 a 12.30', '12.10 a 12.30', '12.10 a 12.30', '12.10 a 12.30', 'B', 4, 'REC'),
(37, '4B Geografía', 16, 1, NULL, NULL, NULL, '12.30 a 13.15', NULL, '8.15 a 9.00', NULL, 'B', 4, 'GEO'),
(43, '4B Danza ', 8, 1, NULL, NULL, NULL, NULL, '10.05 a 10.45', NULL, NULL, 'B', 4, 'DAN'),
(44, '4B Computación', 19, 1, NULL, NULL, NULL, NULL, '10.45 a 11.25', NULL, NULL, 'B', 4, 'COM'),
(45, '4B Historia', 14, 1, NULL, NULL, NULL, NULL, '12.30 a 14.00', NULL, NULL, 'B', 4, 'HIS'),
(46, '4B Formación Cívica y Ética', 14, 1, NULL, NULL, NULL, NULL, NULL, '10.45 a 11.25', NULL, 'B', 4, 'FCE'),
(47, '4B Educación Física', 13, 1, NULL, NULL, NULL, NULL, NULL, '11.25 a 12.10', NULL, 'B', 4, 'EF'),
(48, '4B Competencias Lectoras', 14, 1, NULL, NULL, NULL, NULL, NULL, NULL, '7.30 a 8.15', 'B', 4, 'CL'),
(49, '4B Artísticas / UTLI', 20, 1, NULL, NULL, NULL, NULL, NULL, NULL, '8.15 a 9.00', 'B', 4, 'ART'),
(50, '4B Singapur', 17, 1, NULL, NULL, NULL, NULL, NULL, NULL, '9.20 a10.45', 'B', 4, 'SIN'),
(51, 'prueba', 14, 1, NULL, NULL, '7:00', '8:00', NULL, NULL, NULL, 'B', 4, NULL);

-- --------------------------------------------------------

--
-- Estructura de tabla para la tabla `cms`
--

CREATE TABLE IF NOT EXISTS `cms` (
  `id_cms` int(11) NOT NULL AUTO_INCREMENT,
  `user` varchar(45) NOT NULL,
  `pass` varchar(45) NOT NULL,
  `seccion_horario` enum('1','0') DEFAULT NULL,
  `seccion_tarea` enum('1','0') DEFAULT NULL,
  `seccion_aviso` enum('1','0') DEFAULT NULL,
  `seccion_calendario` enum('1','0') DEFAULT NULL,
  `seccion_notificacion` enum('1','0') DEFAULT NULL,
  `seccion_periodo` enum('1','0') DEFAULT NULL,
  `seccion_curso_padre` enum('1','0') DEFAULT NULL,
  `seccion_maestro` enum('1','0') DEFAULT NULL,
  `seccion_foto` enum('1','0') DEFAULT NULL,
  `seccion_cms` enum('1','0') DEFAULT NULL,
  PRIMARY KEY (`id_cms`)
) ENGINE=InnoDB  DEFAULT CHARSET=latin1 AUTO_INCREMENT=14 ;

--
-- Volcado de datos para la tabla `cms`
--

INSERT INTO `cms` (`id_cms`, `user`, `pass`, `seccion_horario`, `seccion_tarea`, `seccion_aviso`, `seccion_calendario`, `seccion_notificacion`, `seccion_periodo`, `seccion_curso_padre`, `seccion_maestro`, `seccion_foto`, `seccion_cms`) VALUES
(1, 'admin', 'altos4lt0s', '1', '1', '1', '1', '1', '1', '1', '1', '1', '1'),
(5, 'test', 'test', '1', '1', '1', '1', '1', '1', '1', '1', '1', '1'),
(6, 'pcastro', 'apcr', '0', NULL, '0', '0', '1', '0', '1', NULL, '0', '0'),
(7, 'mleon', 'mleon', '0', NULL, '0', NULL, '1', NULL, '0', NULL, '1', '0'),
(10, 'malcocer', '1203', '0', NULL, '0', NULL, '1', NULL, '0', NULL, '1', '0'),
(11, 'aleprueba', 'aleprueba', '1', NULL, '0', NULL, '1', NULL, '0', NULL, '1', '0'),
(12, 'tsoto', 'tsoto1', '1', NULL, '0', NULL, '1', NULL, '0', NULL, '1', '0'),
(13, 'mochoa', 'mochoa1', '1', NULL, '0', NULL, '1', NULL, '0', NULL, '1', '0');

-- --------------------------------------------------------

--
-- Estructura de tabla para la tabla `cuenta`
--

CREATE TABLE IF NOT EXISTS `cuenta` (
  `id_cuenta` int(11) NOT NULL,
  `id_alumno` int(11) NOT NULL DEFAULT '0',
  `concepto` varchar(45) DEFAULT NULL,
  `periodo` decimal(4,0) NOT NULL DEFAULT '0',
  `mes` decimal(2,0) NOT NULL DEFAULT '0',
  `porcentaje_beca` decimal(5,2) DEFAULT NULL,
  `fecha_vencimiento` datetime DEFAULT '0000-00-00 00:00:00',
  `importe` decimal(10,2) DEFAULT NULL,
  `recargos` decimal(7,2) NOT NULL DEFAULT '0.00',
  `importe_abono` decimal(10,2) NOT NULL DEFAULT '0.00',
  `recargos_abono` decimal(7,2) NOT NULL DEFAULT '0.00',
  `fecha_abono` datetime DEFAULT '0000-00-00 00:00:00',
  `observaciones_abono` char(45) NOT NULL DEFAULT '',
  `pagado` char(1) NOT NULL DEFAULT ''
) ENGINE=MyISAM DEFAULT CHARSET=latin1;

-- --------------------------------------------------------

--
-- Estructura de tabla para la tabla `curso_padre`
--

CREATE TABLE IF NOT EXISTS `curso_padre` (
  `id_curso_padre` int(11) NOT NULL AUTO_INCREMENT,
  `nombre` varchar(100) DEFAULT NULL,
  `categoria` varchar(45) DEFAULT NULL,
  `horario` varchar(45) DEFAULT NULL,
  `fecha` date DEFAULT NULL,
  `descripcion` varchar(500) DEFAULT NULL,
  `dirigido` varchar(45) DEFAULT NULL,
  `tipo` enum('rinconada','curso','apa') DEFAULT NULL,
  PRIMARY KEY (`id_curso_padre`)
) ENGINE=InnoDB  DEFAULT CHARSET=utf8 AUTO_INCREMENT=16 ;

--
-- Volcado de datos para la tabla `curso_padre`
--

INSERT INTO `curso_padre` (`id_curso_padre`, `nombre`, `categoria`, `horario`, `fecha`, `descripcion`, `dirigido`, `tipo`) VALUES
(7, 'Secundaria LAR ', NULL, '20:00 a 22:00', '2016-01-27', '\r\rA través del Método del Caso, grupos reducidos de matrimonios analizan casos reales que permiten fijar criterios y conclusiones sobre cinco temas vitales del matrimonio: amor humano, sexualidad, comunicación, conciliación trabajo - familia y vida de familia.\r\rInicio: Miércoles 27 de Enero de 2016.\r\rSesiones: 5\r', 'Padres de familia Secundaria', 'curso'),
(10, 'Hogar Empresa', NULL, '', '2015-09-07', 'Para Señoras y Profesionistas.\rDirige tu hogar con profesionalidad.\r\rLunes 6 a 9 pm - profesionistas. Inicia 7 de Septiembre de 2015\rMartes 10 am a 1 pm - señoras. Inicia 8 de Septiembre de 2015\r\rMódulos:\r1. Hospitalidad.\r2. Servicios.\r3. Recursos.\r4. Arte Culinario.\r\rDuración: 10 meses\r\r', 'Profesionistas y Señoras', 'rinconada'),
(11, 'Desarrollo Familiar', NULL, '10:00 a 13:00 hrs', '2015-09-10', 'Diseña estrategias de mejora para tu familia.\r\rJueves 10 am - 1 pm\rInicia 10 de  septiembre.\rDuración: 10 meses.\r\rMódulos:\r1. Mujer\r2. Matrimonio.\r3. Hijos.\r4. Familia - sociedad', '', 'rinconada'),
(12, 'Historia de la Cultura', NULL, '11:30 a 13:30 ', '2015-09-04', '\rInicia: Viernes 4 de Septiembre de 2015\rDuración: 10 meses. Todos los viernes.', '', 'rinconada'),
(13, 'Primaria Mayor LAR', NULL, '20:00 a 22:00 hrs.', '2016-01-28', 'A través del Método del Caso, grupos reducidos de matrimonios analizan casos reales que permiten fijar criterios y conclusiones sobre cinco temas vitales del matrimonio: amor humano, sexualidad, comunicación, conciliación trabajo - familia y vida de familia.\r\rInicio: Jueves 28 de Enero de 2016\rSesiones: 5', 'Padres dePrimaria Mayor', 'curso'),
(14, 'Primaria Menor LAR', NULL, '20:00 a 22:00 hrs', '2015-09-22', 'A través del Método del Caso, grupos reducidos de matrimonios analizan casos reales que permiten fijar criterios y conclusiones sobre cinco temas vitales del matrimonio: amor humano, sexualidad, comunicación, conciliación trabajo - familia y vida de familia.\r\rInicio: Martes 22 de Septiembre de 2015.\rSesiones: 8\r', 'Padres de Primaria Menor', 'curso'),
(15, 'Preparatoria LAR', NULL, '20:00 a 22:00 hrs', '2016-01-26', 'A través del Método del Caso, grupos reducidos de matrimonios analizan casos reales que permiten fijar criterios y conclusiones sobre cinco temas vitales del matrimonio: amor humano, sexualidad, comunicación, conciliación trabajo - familia y vida de familia.\r\rInicio: Martes 22 de Enero de 2016.\rSesiones: 8', 'Padres de Preparatoria', 'curso');

-- --------------------------------------------------------

--
-- Estructura de tabla para la tabla `dispositivos_android`
--

CREATE TABLE IF NOT EXISTS `dispositivos_android` (
  `id` int(11) NOT NULL AUTO_INCREMENT,
  `dispositivo` varchar(1200) CHARACTER SET utf8 COLLATE utf8_bin NOT NULL,
  `familia` varchar(1200) CHARACTER SET utf8 COLLATE utf8_bin NOT NULL,
  PRIMARY KEY (`id`)
) ENGINE=MyISAM  DEFAULT CHARSET=latin1 AUTO_INCREMENT=77 ;

--
-- Volcado de datos para la tabla `dispositivos_android`
--

INSERT INTO `dispositivos_android` (`id`, `dispositivo`, `familia`) VALUES
(7, 'APA91bEvyoQtVSPIM-pxktispq25vRw1MxrSVqJOTNlPK-oQ7eLaRZxhioQ0q-YYBAZyUGzX5AEUrbVjw-my6m2FfWxHVWnBB1ow5UWorpz2jpQdeyn1hgzYjTusjXtqin3KhiNe7Uy7xkkJtwhNKx1Tp67vd9E4Ag', '11537'),
(12, 'APA91bGMmeEKr_eWg1o969vDVPoGkE0Cb6oXhQa4lmQCLgFk4GXos4DB4o52zc8ojau726JpET1YCHoHtMXprjoF33Y-CS2stXKa9DJx_ha4Rgps4G2FpTbIyBhds1KGmODmYdrXr7oIeVAioU69n1er620pLSKGsA', '11346'),
(9, 'APA91bEF84iFtuOw3Zzna7OOa5GvNqoOx-KXOV2J8rzMoeJhfeerSBrse6IlCQiHiUQPgWn9011iDy1KBAuZ_Z9P6YW9-IuTJRJeZKDDKFiiQvHIBPB9R4t1cpy6YjADZux4v-EjI6loW57fG6jenromZlpKnHQpOA', '11593'),
(10, 'APA91bEcdfACht08B8eVKRCfep4Bh5U8UjfDmoJnTbuVSTg-u_7dLMwEQsVam-726VURtJ4G2cr8jDYYQs3cUtEJ8Qf0Z55TdKq66HLw_bAzaPXTMkCH4IZ_9hyTpRL1SaNEQwOCeuFe5R6MewsL6TDWSWgET0AL0g', '6063'),
(15, 'APA91bGyGY26YPRMxoX2I6vAdvi_sK_n4hnI98sBAAF9HfGfkkZ0Yua50YqkNL5O3LTEj_svbJY4lvH9FazYippMbVxfL3vNfuDDpQhOmcSsDZ-lLMv_MeeDg6qGhiCZ8i6XR6sisBf331QtDyDE-v-xlkOJhDPw3Q', '11672'),
(16, 'APA91bHE8r8EbVa1h8dwaWaxd7PAMKTP3H7QFICzsOyX4GlHHu9DnfjttKq7aOwyz1_tjcIob5v5TKcq0ELAHBfdRzVuXd8h_L0TVwji_FGnahCFgLy4ess4H1LAGpHeL7o4AuAfHTSh6FXwuwIqhiXcGfFjVE097g', '11338'),
(17, 'APA91bEVudSxMlv3aX3LSIaQkQ9kMljM0nMieZCZdXKb0dAqEb_jwG5HOmBJjh5ku7DMzx134uhCwcSJjPZbFG1NX7fYRbLl77rCo-xuRR4Dq5tUli6TuZGumXuZJzq2bYBxQE3pdSHiFzdvDCSyr_hKUKTOGG9i0Q', '11526'),
(19, 'APA91bFpPyInPwoGlVqwmZ9UEounp9-9bIp3Dt5wWbLbSWiBSNH_fjbMTFcQpoIW-PxGL4mcvGq13z-mQS_uGbFNnKdzJsQMvyy56sfc5-8SkjOanTP5GPlf5-bpK_8YIbI_hLEuyjwn5gqxbC9B9bWAMlXmLvqWww', '11592'),
(20, 'APA91bG2IaCslMbhf-qyhujbUgatgSAmvhPcc1pnufZmjUXVP5Evzjqq6_deaqwIe6TBx2Byo1IPiTLe_HF7q0tftoVdrAmFydN-fWZ-Fs0z-ioRrY914NOEg7ovenaiVFPdg8u_aPxV_5u7rj718p-WXuw9z1OiRQ', '11526'),
(21, 'APA91bELoTu74EL9X3P9Fs8PIXkM0eaIx01wlfaV2zj5VbXOi0d709lBx_T5ZVSS0pGrMz5FZIymAjVQjxVq2-di5QUWh-4t08b4IFUifZp62qAJaDk8KlP6LoqYS7j33NtiT4kobA36RSs9uNE1S7iaNoYpIiVoqA', '11358'),
(22, 'APA91bE_feoPueYvatllNWKSDvDIg2fpg9Mosm09DOy4FLDWEgtrxbWU3daXRktsaSBN3YSbpA8heE0s5ZEw3o1M-alWMRbm_hUdVzxYYtxGUhjN7Xe4-yaZP0WYFGUeGrSny1GGSCrwNGU_3Z0oHtf2ogYOHLT_uw', '4185'),
(24, 'APA91bFVzTo5kx5VydJujOhJw_zH-x6_SU212-Nq2zF2eb3ui54TLj_R1TBW2xMFGRn4uB8Q29dxBgImrQx8V4gz7yMWeO4VnPLh-f9P-oCHsZL2CmU39JKvygJq5yW7zye1U070jIUht2KX-JuQA_9RAcaJoGbcbw', '9647'),
(25, 'APA91bF1EkwF5_WEF1b7eS1j5emHG2e4A4kGcCrQ7MUSDx2wv6-obIJA_ae1wGQ6gLsx86cn0HCdGKr_MUv05aIyVOinCDyOqpeKwIjWOnkDkdNPrPlw2DQUV1gsXix40HywCIEt5WquW4JwBEcrSogEGVRoEb419A', '9647'),
(26, 'APA91bGrvo3BLRSWV__J3-Fj0ZBH6Hvs1vi0ZOexAI6YJUvPIoE1FmV-Z_4CgCPoeq4EjHWmxKtKP9C6cq3KJ6RFF_Z2NyR40usIXtNgom5twljqS-QHtXXC1x0UayxNbqmnejrc0QO4yzzUoY34aESRtV-bbzgmIw', '1153'),
(28, 'APA91bHNkY_YioyuUFDRNu6kUAAv2qyA49LIzdRuA8xb0F3RJsiJaPomTsoQmMHJozk3aucTttvmd6PaHqjIKQ4hp4ZAJN9UFtYM4soSixM0R_Ywv806A_XvhHpHyTQGw3rbChvkq6GyzqpgsBff2etK6bR-QrP7ig', '11562'),
(29, 'APA91bEIk3eWL3KBnoCfyS-FXAGxK57z0TdMiN6FLZQhLR2EXVJlpvypoE0wJHnzRtf3tciH3Gu7__BQxDlOaGqMCl4H_tzvS56s6uVvn6cv4zRgUrVnj2NjVn2jBNdE5FJy8k6barnn2_krYRYYKVSiSCbHatTgdA', '11562'),
(30, 'APA91bHE2aeSAmf74Csz-aM4uKOpyuu3X-at60U8wcM_QAUUdGGEpbJhRxvCxXLUrQzR1WXZ8Q7qDbF3IKUfsl3GkudZ33yu__-T8-LMQSzYjrzBQrfrx5UpOwUSD088CL7RyAn1-U2q5aOdEw58OPD2LO44KYIWAg', '11460'),
(61, 'APA91bEA8CF3cKQlDOppG81c9DJd4VYvGXXdffNSll0kHvrBzcHIHFn-froa0rV_hNqNpAQ1ib4gDiAmc_gOBjMr0r6bTmwwqeuXuXle2u2lWsIwKFHB8UB_HsC-3BgD44Zf2KfH4U8Pca-gaBfQDP0zRm6_8KVDBw', '11391'),
(32, 'APA91bEEtj11oycXvaw3aKpmMdzTUSRdLfaIQOVsc_f2ofnNsYzT1yF99Htv97L6hZsUcwwaNuqbGo5ZOtSj9CAKPX3G7GFVF0HGle1rWkNc2hQtdiwCUvKHh8pCGGio2sfYSCv6W1B9jaEXc7Kl_aTUy1iSqNnOUQ', '11614'),
(33, 'APA91bEKNX9GX1jvR-L7pPdKHJ6rjrhSaOOG0myP_5dmMGAyq7Umo8vBiE1zLP7QJgHhc1U3JwKp2S4gzYd7w-M2zgxWpBtz-q0bnu2AinQ0QbBWb0KZTlvEij3EqOzCOjpYb2Ih7P2b9RnKrlj7pi_NlOM8W5-sSg', '913'),
(36, 'APA91bFy_pNFXntlLDzVwXrsRAOP6Ff52_o00cr0lQMyc1cl0JL7LZg-PIbhqww7uTAC_qJNICB9X97IhDlYA5lICH2o6cJ8I6tBtJ-RspumSI-4DFVAZkafAoX_8rHCWLYOgGL1Fnbx_xU1-Zdb34Ui4JOlwcbcOw', '11688'),
(62, 'APA91bFAMFl-CVGcu_ED2_YbPNcqBObbUHPbYk7Q69JsC3JnvwLFGOYVyWXTYhTjnLjKV1LybLdcpTNqKx67CqOxmbbh3E8XMZR6_8nZAQKgCPVux7JHpZRX8Q-CbbeEA6yysQx8KNVr9CH7K09GJ6PnNXTwDs3Skw', '9647'),
(41, 'APA91bF3w0y1VcigAbW7PRxwKvwoEeK9uMU4Ct0r7fK6hoaKXNEAba1Wob_8d2Y7VpkTZfyvHzrIiU9wyoguvVFpWcmvm0DPsx_2Ih40bmWe4znZTAhXMXgW0L3uMwFbLUUIx3oSdwXcWbNTmzxJAsfwLc0mzXsHAg', '9647'),
(43, 'APA91bE03-le72u3cKO9d44KigWx2hhVv48REqFrZRmflTVDPmCdSD48hELP8IN09Tk-bMXv65J0FECudbOzyY_U29fsCOzdtKnvNO5k04RGshN1yG1_VoP--6bCWUmiYHJuzMWYHHlRM2UNIEMsoOSgCtKd1CchPw', '11691'),
(44, 'APA91bFOnNqedmcty6btCZ9HYMiPw3wVc6gzu0J5e6tZbXTAzccNpsDA_Znzh3kRbczz0INP76jNx0LDinzriPuMCMdnc96_lDBaf6U2e9uvUuEuo8Hpj5SsXczjlIwy3s_gllT6-x8hABZ0EU5fdlMAachqVVrdqg', '11593'),
(45, 'APA91bE_B11R2WxnaXNjmpSaHadY94TcklisGN3SB0p1FZ1Xdta4avqD_Lo9dYth6bvl422Do3Ziq-8HjrFpbdPncV1kJYt-ruzDfOKdr5K61j18huoFjqxGcaHSJaPzplqpPPHyUReDmejWqBlWhA0fieFSsfGXIQ', '9647'),
(60, 'APA91bEJdrXoUgANDGdBqrPnOQ8wOKW5T84Li11z3auZw6mK3Vt_W5TZUHpQcnMWzebMBxs_fHgfF1XCQeFTvdag1TPXF-NmD2PZ85UdrwEaZsC5SFqJZN_-lIKXmaD4Dm7OMu2NsPC6NwDnXXBsi00UeqYFWiM1AQ', '5087'),
(48, 'APA91bElUzJTO_C3RNCRTx1ipdQP3GLk_8e4aORspurPk8yOGtyFEqLmD7itrNCLI-AVtEq8bryKbBm3RIKZ5KIWQHlKkkZLl1SWUaHo-TNuJlYer4lJxRRp1Momq-_9d3mXbwy9DUOEtJoKpxHshOaaNrfE_NvjDg', '11669'),
(49, 'APA91bGWmnt-Y3r8DvsGVGIVSeHv85C99Ol55wfDoLlJnUEaBMTjdFdE3f5OuLvd8x9LA8A9cy9TdeOkM0BZ1ku38l8nqgprCVhO8UAM7BO4jgDsbXsDkvcsfypOsouCxT3go-NfB9DiuPcQ4dcQp0QRIztFx2NnGw', '11485'),
(50, 'APA91bHuNr3LbLrYrMBk4SSZP6TU5M4oCLHqY4BHAHv1oBxJ39bj3pCDo_P-i5JdlgNTLFWNRCDP2RYRH-3IDyXSHMolM5NUZ3TxPTwPuxFDZA9lp9OZOnLuYna4ZVjn8hP7nGtj7NY06gWCV1mjgv-CK8NZy8-jbA', '9746'),
(51, 'APA91bGtbqip9XZLVVMzGDAlTNZNCvszgneAhhJJVG5grlTEcfOHE3po8d89OXOT1_qWg3zV-B2Lm1sjiVC4Iz73_ZmZ576digCt9UuwRTqAaaLKEiL9td-6K72d4HPKycHo2CSORAAzb_d-WA36v_Tj0YQc30AkOg', '2024'),
(52, 'APA91bFFtWhybsD1Gc916lw3ot5IpLxG83VdAem27lFIbrNPxrnMGzF1I4Nh3V3RsQyMR1Oo7gF372U3U9mRmJBPBVdN4jRuUorFL7JnDBe8rf1MBTbfmos7O_VSJIZE8SwQ0Xoeny6cpMq1qg_THT8oed7yIy0Ewg', '9716'),
(63, 'APA91bEPsBdd9mriO-nlPGxBmgGI6DVUD9mCBmZiMiuN9WXGzN8TIYeIhj2j5f3k3xfCYBkWgxpXwMaax6U-SAfEblQVJR2iBRB4OHNddzxePJuZUlRDYhgqVXocQyjeKIvW1aqonLNYuuhdYO5nhHKAUuWtbpRbdw', '11369'),
(54, 'APA91bFOnNqedmcty6btCZ9HYMiPw3wVc6gzu0J5e6tZbXTAzccNpsDA_Znzh3kRbczz0INP76jNx0LDinzriPuMCMdnc96_lDBaf6U2e9uvUuEuo8Hpj5SsXczjlIwy3s_gllT6-x8hABZ0EU5fdlMAachqVVrdqg', '11593'),
(55, 'APA91bHYTXAbhhYN6qzcPVRyeTGemYYx6lUESUMvdxEiqcsts9M95YqAfNelKMtuwTPl5M2V9BhxdOPGl0AeiI3GydKDg6KlAli-LTuuzN3ikM6BJd7B7Dezb7NepxSz0lOhQcfFwUj5RBLxBDlB8_Tp3AHhvSKUrw', '11688'),
(56, 'APA91bHG3ENi8JFRGohDofijLqegyXRy1pHhci5bFevIhvAw5fgQT6Zr6ONCaXwYBQYfTN8r-n1nFxrshwfGtgefbemRWcZQEH8uYMlnozU0lpzN-JzhZ6y4f_WcP7Es5nZpNu6xJ1eB5fyVcexHKuWH16xlubntnA', '11304'),
(57, 'APA91bHaO3D3-H3iJXuubfle_FIkIX3PrQpQI4UehxG7QMJDx0fkBKrw9u2LUxJORA_gAmTzHqyBS4KwB8QB-rIpA0EzKcvGpLNWZG0CXUEUP6Fim3z1KdVbDU5GPxbqi30zLFF9A18HQmg0yyQzuK_Px2pvDWRrEw', '9248'),
(58, 'APA91bE5PIBCRnybpkpoSPEyEHSMUEvwNHuZn4ug_quqOoelEKSHdFXJdhp1HiG6U7P3yccxLw2kNeIp9KSMkbWLr7gRyX4ikSYfjG-zY8_M6MrIGAe0340N9rohkzaCAMrdkar2wYJvRg24l2y94zOTF4ow3CSaTg', '11359'),
(59, 'APA91bFx3Xsapf8e7W23WGlQIY2QE6BVI1fubu2681rHLbhl0aAcvi7uM9P2x9U2-f5t4t8JowedNvDzwITL4vZgDaAmGouflxLv2_JmXQmA1cEAlaHruxoD9-I8ru0JCsoTtLcLKH-3vPWlTZ4peQJKzr6gaCAZIg', '9248'),
(64, 'APA91bG60149-Om_Qsu5N_5AXAsj7x17j93jyHH0yQCpsCTzJI5aGM447FkoiimONioIJETMqkH7S6hnzp0hW_s8Tq1Pm5w2ioQ-5Du4230hayKKp6PQoU92WnDNBd5bSqUP6_CNAt9SPpHx3ZqL4XBEdMBnMyjPZg', '11513'),
(65, 'APA91bEXgp7pieoWYP18gCYOywjDIw5xq1NintbWV3TLPyxTmXlmvmdfscy_FANrvWE9l0I3d9jTDiS0CFPVXEHR8jTOyt7nX-_VZwvSxIyvJjXuu1WUbEB21DE1CzeLHZN8F4agRp9Q', '913'),
(66, 'NONE', '913'),
(67, 'APA91bGcRTT_5m1Fep5dNQsnXoGAYkwU9oJLBVyR1Q7NN4espu_Z0wRxPOWuANyhQf7Z0tv3RUKAPOCNGErGoVx6uPo_tj069D2TzaWhlMLKRjR9czKx4OS2cS0mRhezbg6aapduXFVS', '11593'),
(68, 'APA91bEhf4kug0pY4O4AMWT3hINk4a0Lit6W0hEJTxcMJwx3Z3zVxTLpRUsoN-HDkcDCrCmaYPFPkv99eBzoAl71BhICC9DnuZ87OACe7L0JDMM4LyAbaVKWHFJw09sXV9r5Ki0OCqHS', '913'),
(69, 'APA91bGwIfmTzzSVdZr5RV2QNHClifpUxDqq4-49fmDR6M_4NTEFWi6jNJXJdHRu6IbM9PSZ66Mlyh-CoIjXmnmxbM6nUQaWfM9_QyCYIkfi-SBze1dOcF56TsYvhNK3ziv4BmIzeEAC', '913'),
(70, 'APA91bHRTMvkhuTGNmR4tcCDXLyCwismKFCAeLIhP7QgE0LTgOMObGbsCeNndzg53QlpW4Pj2ANYgj-wl5lIYbpR5a09k7AQQ-18AgbBT6pyxsEKWu078-8skoPx2LBo_JneJLh1A3MB', '913'),
(71, 'APA91bG9yXuPe20XTy8v7OHmIc1gnYDB9laZ6-oWuj2GCUs8FcwwwvWCazY5PYLIH_saFx_k082xvEEwq7hc1JUbqOcaSgVzxP9kT45nPENLOXemNBwZiCGRJ9BWNSgpFZuVv6rc33_o', '913'),
(72, 'APA91bEwCQvnEyyo5aVFuvqJNVpVJZ911AJRYvEzGnHddd32kWodkkEaLQTd17jHPc_xgPFmk6Hgz1LhxDpbDT_7YtZonlWltrsR4olpNdwdbL_JcLnnDOAkj3c9hsQ3NaPii15zSvUT', '11593'),
(73, 'APA91bENknll5xb2MgCrg7MLaqIDbLyxjWfKSGSCC8-X28IB_g_QLjDDpBKLg5-DvAhenhOBt3F_LFhBdpJs0mAgRNpFn1sM3qvh1f5LJ6jCjEuHkJab9k5FB673E_QKsypYNf1mKuHZ', '913'),
(74, 'APA91bF1WBPsUXDrZBtNhEFHF_ZJtD2EUyqji0ODKGIvZN-qcVne5EPPULbkwX5amRQMHbZ03ZZRaACj5FlQsdirAv53ALppEbax-GFse9OLp1nISgAc8Ky_pnaicEN8WByjvWI-klPf', '3094'),
(75, 'APA91bHF5OlqD_vvB8puzGXuti2-2WL0uRgh98M_02mzm1eyVMGSPj3nvg38gGppgOeCgrfMTVOscdtBwo8r9aBMTf0m8VI5iWDM9VCv_iRxauHXkVe1KuYRq1FkgZ0NvRsOyCHmu7lx', '9647'),
(76, 'APA91bEAouwTF3nWrJ2mIs0ZPc4CDMED2wPUI32RphJiOJd3HQTMaxKYorl_vXHvqLoF6ClXD5ajvM59Uf9JAKBJbAfRCYAHRWN5gCi2yHwFhclNC6YzSTkYHhFhjhnkAv3TCMXMb3LC', '11579');

-- --------------------------------------------------------

--
-- Estructura de tabla para la tabla `dispositivos_ios`
--

CREATE TABLE IF NOT EXISTS `dispositivos_ios` (
  `id` int(11) NOT NULL AUTO_INCREMENT,
  `dispositivo` varchar(1200) NOT NULL,
  `familia` varchar(1200) NOT NULL,
  PRIMARY KEY (`id`)
) ENGINE=MyISAM  DEFAULT CHARSET=latin1 AUTO_INCREMENT=300 ;

--
-- Volcado de datos para la tabla `dispositivos_ios`
--

INSERT INTO `dispositivos_ios` (`id`, `dispositivo`, `familia`) VALUES
(1, '<6383ae55 eeca32e6 0fcca57e 251ce6c0 57d5a4ab dc0fa141 bfef86f7 9dcc82a6>', '9742'),
(2, '<82b876d8 494e9f00 0f50f8f7 2b9755ab 0bd94be2 0af314bd d8fa9c41 6da24580>', '11593'),
(3, '<5e93481c dc44e0ea 2ed384da 86411f73 12667c5a a81a2f81 3dfa55f6 380fa6b9>', '11356'),
(4, '<7dfbcded 3918978c 4416bb6b 4df0b734 191b0b93 731047f7 c7089ea6 d77b35bf>', '11356'),
(5, '<a40886d4 b5e063f5 a8d24261 03a9b443 85172673 0b19c5cb a6f55902 261b2890>', '9557'),
(6, '<99a6e592 c9375ed6 97a76aa1 6a6a1b64 583b4bcc 54a26f19 17afbefd 7071b36d>', '1303'),
(7, '<75b67643 cb90ce09 7e4cf908 48c5fc1b 55901838 1d0fcaf8 80778a6b bdcffd2c>', '11286'),
(8, '<f2484842 18bdcd36 4f3bd49d de2a0e5f 95e997b8 2ae7517a 85d80658 c2d80764>', '9770'),
(9, '<0465b67f cc208fd3 201c606c 4ed02d2b 6c96528f 38ea48d1 e33fa57e 329321f9>', '11366'),
(10, '<fd5864d0 e344830d e7bdc02a 8a42cc9a 8e11cafc 0ce2d10a dcea266f 2c7c2739>', '7165'),
(11, '<239a3da5 f3a8984d 559d242d 000b3a59 df1850b0 ebf06584 b567ed7c b6c2d904>', '6029'),
(12, '<17546515 75967339 cfd5827f d1bd4c26 305463be 9f8cfa6d 7a6b0fa9 b4a3b64f>', '4520'),
(13, '<034c7af2 7dca9deb 644463c4 bc5e7ba7 deeb5a50 1bbceca0 4bc3a93a eb0a6189>', '11599'),
(14, '<3514e576 c9179344 1a12faa5 e488917e 01f1a2ac bd83c197 94d15cdf 9b699d92>', '11504'),
(15, '<631db75f 4c86dee5 715dc5c7 0f089494 354f574c f49bc65c e70ae6e3 f997aec0>', '11688'),
(16, '<0b38a5f5 9d96a2a8 27e557a9 ba55b085 abd7d6fa ad1f0a4f 9143cda1 e26f91a3>', '6101'),
(17, '<328d5f17 276648ad 2726f929 9269d73a d049bd99 57775184 0f6c8f7b f7e0da92>', '11691'),
(18, '<197a237a 4f4353d3 e02896f7 db86c9eb ebd7783b 6a7cad8a e53c7f97 311b2bb6>', '11572'),
(19, '<fbc986db 229f3f3d 6e5ba875 5a39e6a7 e6c93073 7e9d9812 8c54e6f7 453d52ee>', '11434'),
(20, '<66baa2b8 9e286165 3aa8b0c5 e50a3a72 7d8e8a7c 8c0ce1e3 753c031c dadfee59>', '11667'),
(21, '<3cbcfad7 0bd95217 ebf0e114 a135d47c 58f2525d 74587f65 1df7f5ed 34c2c46c>', '9748'),
(22, '<a7def842 ba253e66 9da1d32d b05fdf3c c47a7373 5e5793fe 7217b28e 7f28adb9>', '9632'),
(23, '<a59055e5 62668f58 6a9ab920 80d8527e aa81e6d4 5dacce73 2a59bbc9 f9edc20b>', '1925'),
(24, '<d2f88f21 fa1880d0 9f9e0329 449d252d b4c6235d 40d7d9af 4975be79 052816ac>', '11614'),
(25, '<73e13c13 94653e77 1c760003 ba67016d 2ce10028 649d91c7 ca275744 933873de>', '11428'),
(26, '<fa0d8487 48750a89 d2959814 2527c1be 15ccbbfe dc85d27a d0dbebf3 9e3c8992>', '11691'),
(27, '<83f75f90 1d251a28 1636ecc2 2c62bc17 f509cb06 6fb699a4 4aa232d9 54f0c60c>', '9540'),
(28, '<0774f7de 79ea1565 02be15d5 b37eb6c7 88240b79 e2394f4e f368fefd 22055f4f>', '9760'),
(29, '<12d7e607 fa7cd901 28d7efff 3d6243fd f21f587d facc0750 4352cc8d a2e13a56>', '11410'),
(30, '<41c58829 39d37698 2a165bd1 181e8a91 3d1fcc85 3f5b8605 6d11f272 68417aa5>', '9654'),
(31, '<414ee560 55596421 f75a68f8 b814f746 dac38c5d 3c6661cd 677790e2 37b32bcf>', '9364'),
(32, '<37242553 5b77e54c 6b97a25c a3cf2c10 d69da25e d14f7c5a 4315c363 84aac24b>', '11285'),
(33, '<08a3ab57 608b19a7 6fd067b7 77b6d6e1 3073e51e 866a52c1 e1cd8618 a7d982d1>', '11685'),
(34, '<46dd37c2 5cabd82d 89b05744 e87414e7 b6818620 02242cfc 0887f8fd 0c5ae869>', '9787'),
(35, '<ba77ecdf 69983a7d 49cb97d8 524cacc8 ac95a319 a90611b8 8d0143d3 5d9924bd>', '8018'),
(36, '<9a5b0368 8db74507 3d29a310 60c8e9ec c6980d09 90bb1234 020862eb 0e36dd05>', '11663'),
(37, '<efabd899 e33ed7d9 5026345d d3f87af4 8922649a 13f4669f 0577585e 2318bcef>', '11286'),
(38, '<d657ea4f 01d0327e 83d4f719 9b31957e 6a5b2f05 ccbd93a9 14b64f18 fc38e8f0>', '638'),
(39, '<b0320c81 b3b4f04d dc3861b8 4acaa2f5 3f35c2c7 27139482 e55b832f 16ebed74>', '11338'),
(40, '<7692777a d8e4a414 5add7b4b c6eb4f1f e4429446 b96fee89 d1f6b2a6 548bbe38>', '9746'),
(41, '<b864ddfb b84005fd fa7ac8b2 368f4b8b 190dead4 954305ba 55e38ce1 72429ab8>', '11335'),
(42, '<2f180765 65292d00 2cfff372 6415a4fd 87607144 faaebada bb7247e2 48be48c2>', '1065'),
(43, '<11ee0709 46a08ccf edd03f38 78689666 fed6758c c5d611a8 06cc0103 7913a7cf>', '1085'),
(44, '<052edf6f 8e063f8d 647b2d6a 77994698 f3815774 64577aa7 cc475d2a 279898d5>', '11715'),
(45, '<800f1378 be37de07 5dcf6b09 a47f8c29 e925570f 7612b10d c468f7ba 9607438c>', '11356'),
(46, '<d77f7a28 97d3f487 a3722611 bf0ff228 9b5a3ce2 0cc58705 579831e9 b1cf8f8d>', '9742'),
(47, '<ad537b1c ef6a0da1 7a2c39a0 a659f95b 54f9912a ce95d925 54279774 fd171079>', '8314'),
(48, '<fc6ac92d 78a352b4 9b8b4318 a10466eb cccb39a0 6f1884ee 8347fb48 f70cd2d5>', '11598'),
(49, '<e7ba7abd d7068ce6 1e573d18 573b58bd 4490f2c2 bf7baff6 a605384b 43101f86>', '11598'),
(50, '<9cb8dcc5 806dc9d8 b35c0fe0 a699d696 a2473839 5d045374 ce9c5e59 692a1402>', '1826'),
(51, '<fb9dc85e 7909c912 e2ae243b 14259d19 f94c4621 afd10786 52cfc73f 198d1e56>', '9645'),
(52, '<6adbd6c7 82812bed 39acfe41 a29c7530 7b7fa489 e0cf10e3 6ed73c2f 8f64c8dc>', '1826'),
(53, '<fe1cb5fe 361d058d dc5f026c fa4f661d 50d6be1f 8701597c 37ad3872 addf07e2>', '1826'),
(54, '<9ff67572 7de15b1b be151550 f9f0429d f5906f03 c86a2d6b 755d3009 f5126c3d>', '11345'),
(55, '<3d5c1d14 91b65e8a 9abbc90f 5bef6094 79cd6bbe a9fcf8f6 939d4df1 f8b220c7>', '9251'),
(56, '<dec40e15 eddcd4b9 1564da42 51482c1a 72db911d 83cf9f87 4647e600 5e08aaf9>', '6041'),
(57, '<fab1dfa0 96b582cc 518e4f43 bda7cf1e 1576ff49 ad440f76 793f8850 4886d2de>', '776'),
(58, '<df95e41f fa9e2501 f7666033 6daa7823 c1bd145d cbf8f060 0730b068 15905ae6>', '11569'),
(59, '<7e521a4e e36aca74 1e025486 821cdecd 27f3c3de b3964eda 020e4746 48e1f27d>', '11354'),
(60, '<e027d709 22fb7656 c68fbf75 68049ccd c257bc3f 92c6c460 4869e58d d539f4b1>', '9365'),
(61, '<52d04d4c 8011435a 09ece649 0e4295c0 591da6a9 30c868ba a0c6436b 50f18126>', '11346'),
(62, '<4a0d956e 6a072c28 a78bc047 b6d26b2b 556e16ec 7d2cbd56 ebb61691 97f6164a>', '11458'),
(63, '<b8e2e23d 4fd6ccd8 a017ead5 fb4d3920 3a67babd 25545c68 8dceffa1 ce58e9cc>', '11596'),
(64, '<b8e2e23d 4fd6ccd8 a017ead5 fb4d3920 3a67babd 25545c68 8dceffa1 ce58e9cc>', '11596'),
(65, '<d7fa49c8 4d93dfd5 98c186aa 2cc0419d 1f9ff167 fd3d72f0 3795515a 6db50a28>', '9439'),
(66, '<da29deda b3f2ce60 0f253da2 48e22d5b b5b89283 c4400d5a a02bb279 0e4b45dc>', '9657'),
(67, '<c3ff5f2d 81d1f4b7 83cb7c65 8c31c72b 313cf6fb 526cd075 9fb19bfd 28853b44>', '9657'),
(68, '<d87e5841 3d75088e 5032fe42 dcc444b0 68e97fbd 316ac02d ca8de72d b14c7e70>', '11438'),
(69, '<96b7bcd2 247f1da8 9353ed05 d804afc3 5e67ed28 21e643f2 3f9a54ce 98778368>', '4000'),
(70, '<10431549 d89f4561 b2ac5864 1bdbfbe6 d49e169c 2ef2466c 95e3a3bf 00ac3c6e>', '9366'),
(71, '<cb31434d e0a10f19 b784d975 fdacd297 cdcc40a1 dc5a667e 84f50cb5 0ba372fb>', '6095'),
(72, '<98ad910d dfbaeb2d c4d3c37f c0e65881 26ad6a62 8bda59bb 6dc50a84 6301b7df>', '11691'),
(73, '<b70516ce 4f9cc32c 16973f58 6f89bee8 948a86fa 55ebc33a 09f6911b c605671c>', '11334'),
(74, '<8aa0648e 16826b72 1a11a1d5 9a806d10 d69a7d83 28733357 94063a51 66cbf68f>', '11690'),
(75, '<8fbca475 851d186c 166e7723 8721574d 6e64d171 22cc841f 4d13e792 62d536e1>', '11677'),
(76, '<19d920a7 8f5799f4 eb23daef fb364353 f74e4cec d18efa1b 441a2425 3f9269f0>', '11411'),
(77, '<a58e26f6 4d719b89 56dae145 2ad72d1a 247f5a0b 9caba135 032e6f49 11d3a413>', '1153'),
(78, '<463bcb7b e07c0c0d ab43b107 000fec1f 2fe711db 9bcc14b7 a74db858 6959f2e2>', '11670'),
(79, '<1664c7d8 56e0b51a 4e1ce0e8 4095b5cd d17040e8 7f34731a fbd78e2d e276900c>', '11562'),
(80, '<6970e398 a36d3c70 9cde2dff 5349fba6 d2b4d170 24fbf041 4f834e82 7a6b102a>', '9772'),
(81, '<a007ddf8 3c1b3c13 181cd52d 46ea1394 00cbc21d 76e11acd 1f0b1694 6e54c2fc>', '11666'),
(82, '<eed2c6f1 92e3b2a5 3257b7fe 54583d2a 351fa1b3 e9f9d609 c51f60d3 5c939a79>', '11570'),
(83, '<f05bb587 47aa5898 56033989 865f2584 686e28a6 a2eda63f 9d842fb8 b0d9d5d5>', '11411'),
(84, '<23a0fd64 836e1028 15626a74 5c326b77 ed122aa2 bf38d865 2278ad5f 76eb9ebe>', '3101'),
(85, '<3e2a0dac 88562327 18279b43 c59e4ca5 475e03a6 d25bcd82 485dda27 7ad41222>', '9706'),
(86, '<455d2906 d1e43d26 d90da19e da23af4d 86c0b813 aab81da4 f609986e 7ca25ebb>', '11716'),
(87, '<f59cf06c 1f927136 50fefebc d31831ae b0e69c78 f2710989 db1bc54e a3f42bdb>', '11692'),
(88, '<9b41f423 a86539bc 6b9eaafe 3d37e04c 1b4ecd4c 141980da 2fc8c834 73db112c>', '11714'),
(89, '<4829b439 78bf0b18 0e40d649 574c859e 3be6da4b 4d3548c7 560775ea e8693371>', '11486'),
(90, '<586e08de 4a70b45c 7047fce0 4c764273 6d223a00 5b38cf7d 367ac2a1 848b6a88>', '11628'),
(91, '<c3f3a82c 3f2c457f f6af61b3 685c19c8 6cc47d51 3782482e 067cbec5 fd884c51>', '11444'),
(92, '<cbf5a738 6f16512e 0ea5e217 6026d6ee 6cf05694 0b81ad97 35e78bcf b57daed0>', '848'),
(93, '<ffd62ba6 1fc9c093 32d24cf0 fdca67ef 223c6d10 7e838620 1d2c089c a339cf02>', '9517'),
(94, '<361135b9 13e9429c d12e98c1 f89efd19 4dca8707 9cb45ec3 70e218fe a79fb44c>', '11711'),
(95, '<6e754513 f06880fd 233e4074 018cb4be a9d23b26 9d7ad440 059fb30a d44dfe69>', '663'),
(96, '<7fc7fa66 482b16e7 e95839f6 e8a267ee 21b2a89d 5b4e22b2 062bab21 32cba893>', '11623'),
(97, '<7f78aaae c6dd87fa 7592b2af 425a82f3 cb408f25 5a0fa854 db3d750e 9f229101>', '1538'),
(98, '<f1663d7e 517c2bd4 aedce0e7 0abfc06e 676ecbc8 a1e28f1c 46f4d845 8f835817>', '9648'),
(99, '<304d370c 0c0b3968 eb70794e c11f8233 cecf9aaf bf72dfbd 97994445 cb0d338e>', '11460'),
(100, '<b098e825 c5a90615 47c82739 6e53ef90 3b404794 bbe5550a 4a33c332 356909dd>', '11717'),
(101, '<e2ab09de 226ec4c3 88f5b844 4f8867fe 8ccdaf32 b6871bf8 7c916365 d0fd35f7>', '11455'),
(102, '<9addd3d5 17a7f6cb ddc67573 0c9fddf3 e1464d0c c52364ba 6a277af9 2c9d61b2>', '11508'),
(103, '<45702713 76c9fa55 746cf69b d588b90d 393ddc41 f9e6351d a7ce184b c496830a>', '7132'),
(104, '<46498d14 dc3041a3 d3f2ecab b78f7310 f107824c 6f871caf be7798f8 b6057c40>', '9763'),
(105, '<5590659a 145f51c2 38c8fe3d ad83f7cf 8dd83b7b e5813655 4772db2d 136f6b59>', '11431'),
(106, '<88c4ca26 43d7ca0d 9d5187c1 064d70c0 40f84df2 4de34805 27f3315d 8a1949a1>', '7026'),
(107, '<37ee3217 6250d598 4544ded2 4590ccfa 873d9261 1df482d2 86e126b9 e55e8ffb>', '6025'),
(108, '<2b13078d c3f8e733 14fe768d d82a3d8a d81e8a4a c8add638 71a58f69 c6c9b635>', '9252'),
(109, '<6147058a 5d32f033 9f96e2e4 519f59ec d52ddbce 19af1cf7 8f7e21aa a70446e6>', '11544'),
(110, '<18dfb698 92a6a824 b45b660e f84e2eca e85eb69f d55cbdea 0697b712 f2052094>', '9759'),
(111, '<0ebf5658 2427a6b9 407e2b62 555db911 c08bd268 2d51420a b68b8cf3 91a1db1c>', '9632'),
(112, '<c4c81e68 e4ccc419 5d6da416 ce2f5d89 72f831bf 5e0282ed a0e3ca7a 5b60c5ce>', '11673'),
(113, '<f304ce06 c6a2edf0 d8b416c0 55b8ddaa f35d10c1 f7b32273 de69a5c4 645aa617>', '11691'),
(114, '<761fba2e 0d9c4712 62e3cfc1 19c8c0d9 cf8b090c 0ddf0bdb 3ae1ae78 24c13d21>', '11260'),
(115, '<23000d4c c22100ed c21db652 379c6bbb 885fc3ef 6ae09a33 3ff5dba8 a8012212>', '11537'),
(116, '<3b285095 652f5cff 5809efb0 b616ac16 36801f55 d47f6abb 5527327d e928e937>', '11327'),
(117, '<9c68bf9f ab62a38c 7d08f157 588db8da d0df0dff eaf0de66 1ad6a899 47bcfc57>', '11573'),
(118, '<e5213378 72d6c3f7 1de43763 0a855721 ab1a40a2 79b95615 9bf850cb 75a11a6e>', '11435'),
(119, '<4cf09cd8 a85978de ceaa529a 9ac16581 9bb43957 303275e2 ba3dc54a 15141433>', '9564'),
(120, '<dadbb977 36ff69d6 013ebc2a da517ac1 7f682730 fd69326f a6653052 9a70fe2d>', '9759'),
(121, '<ffc503d5 13199819 cee4d297 1954bc66 ec5eaaee d4767c26 8bebd7d3 74c46e5b>', '11440'),
(122, '<a65528a1 ddd8dead d1311a18 21de855b e09cbf9e 66fade71 2fb829c2 5a6790c3>', '1159'),
(123, '<1d03aadd 988e0e41 5b8c7772 e2224f56 a91d26e8 9e6a3578 6f38a4a3 fbb9f0e3>', '11576'),
(124, '<10d3f403 31e35733 78627bfd cc734570 0ea252f3 c81f7e16 d4c0401d d251b356>', '11327'),
(125, '<b26a8bd8 cb5774e7 bfbe2598 2db0f1b6 b9cc1b7b cb188867 edbcf2a6 ac2dfd5c>', '11491'),
(126, '<84bee6a4 de58ebce 16c3c802 f3041d81 01ad0fa3 f70d8be2 3932510c eaa44f8f>', '11593'),
(127, '<5256c52a 4c401e23 0220a430 f63ca34d 0fb58f99 6991931f 4a5354d6 10be1e94>', '9759'),
(128, '<ee3cefc7 6d44c2a0 3add08ef 4fbc794d 7b6019dd a2b4407b b3b6b1f5 1cb4c7ff>', '11482'),
(129, '<783c38c0 7487444e d0750dcd f84b5406 57f69865 23942650 e2aa314a 8a86b686>', '11532'),
(130, '<0b409520 e11449c9 cbf86c3c cf9f0da1 1f205096 e94bc077 18a69a0a cff2be12>', '11531'),
(131, '<c247328a 4c1b7554 ed708640 b8415167 6cb5c272 ea7ff438 6e107238 d23d5ab3>', '1201'),
(132, '<c0ed3a66 e9c8a702 06e58492 e80af82c 5775df75 f74c0ef2 d4bec1bd 7259f870>', '11630'),
(133, '<c0ed3a66 e9c8a702 06e58492 e80af82c 5775df75 f74c0ef2 d4bec1bd 7259f870>', '11630'),
(134, '<ba5cc40c b3b6dc90 76770f02 3a0b642b 1ea21b3c e4e1f22e 6caec91c 532f2972>', '9384'),
(135, '<4631ced8 1bfd24c7 778bc104 a6f7db73 c17198be e08eb7ea 8062494d a977d558>', '11691'),
(136, '<52e9d2be 4fc4aea2 310c5721 4558a1f4 83b2e4ac 7e0fa2a6 3a438925 a8b569c5>', '6063'),
(137, '<0860392e 3698e0fd c3403c33 0c82139b 102613ed 02c78c88 9c38ad5b c0d3b2e3>', '11441'),
(138, '<c6a3af3a f6fd5073 db635529 13894cff 5fbd5ec2 7c55c519 e92a190d a06d9d5b>', '11593'),
(139, '<7da73d28 5c16efb0 c1381668 a5a56d76 8a063302 e83fe6e2 bbfe727a a42294f5>', '946'),
(140, '<08fbe2bd b74b9881 df8ee726 7e9aeffb 75afda16 b9d4e094 7aef7d09 ac08c86a>', '1195'),
(141, '<69d8f11d cc4adc38 ae7c206e 72e8b065 6fd384af f58e6bdc 32345a20 60ca9916>', '11491'),
(142, '<e415f63d fcf28dda ce704cc7 ca90aa57 275fb4d9 dc52c938 3641af83 10a0241e>', '11691'),
(143, '<cbdeba47 c7c33571 70478af2 d9aebcc4 5e656001 6d0f27a6 e462f05f 4c68910f>', '6064'),
(144, '<3aed4b94 25e60015 d6ab42b1 2a55e48b 01b3d089 93839983 7a3aaa6f aa9b20cf>', '1526'),
(145, '<cd858a5b 72bda0a5 e8cc1ff6 52783422 c07ff58f 0f45d4a1 0190a738 3f5549ef>', '11561'),
(146, '<870417bd 5d1a219d 7db46a5c 220a383f 8f3aa70a 445ee88a b8afd28d b59bc58f>', '11705'),
(147, '<c1706ec0 3ffccae0 f01c1dc7 c0fdbed0 98a368b3 9717f9af afac75eb 58bae636>', '11526'),
(148, '<c4218a5d a06c7310 ef0aac3b 66305400 18e2ae11 4ed4213b 8472a161 be34ecec>', '11343'),
(149, '<8ebfb522 775c4331 e2cc602c 5b7c82e9 0ba93894 ebc1ba38 ef1b8aeb 1dab90ba>', '11343'),
(150, '<d05c7abb 63251d2b 99b24a90 a5320775 b8f1fb4e b896cf2b a158836b feb68081>', '913'),
(151, '<3655412b 777ab87a ae3104ec a3c1b9c0 b070f133 8c914962 7ab20215 bf6c9ab3>', '11306'),
(152, '<d4b76f67 3ad561a4 78732b6f f4bda3f1 e8f0be7e 94f7b4a6 6e5b864b d25f155c>', '913'),
(153, '<8bbe245f 395ebbd7 c3d6d4fc dc643160 be715a15 41d32990 59cb3e02 0d93c882>', '9526'),
(154, '<8ee536dd e624ef9b d2e437d8 c9de27fe 50f1fdde b9ffe9a1 27012c12 2241af67>', '9479'),
(155, '<a1e37499 12f4d44e ec8666c6 dbf77014 82abade8 f3ada09a 081c7c91 904bda54>', '5044'),
(156, '<9868d42b 1e6ed37d f7f795ed 1470b8d1 19728b90 4d7c1b70 b75f12a9 6310d4f0>', '11442'),
(157, '<369fbc83 e7bc7766 9b62f28a 10aa3d45 568d6dc3 25d7fcea ca813fff 25c7f22a>', '11442'),
(158, '<8dd2c5bd d04d291c 8a6eb683 a727a19d e7f15b47 6e409515 e6752ed0 7ecd6cd6>', '9361'),
(159, '<34452361 723d9cd0 064fd525 b7fc211b e3cb3d19 94e3bddf ed8585cb c1703f3d>', '9361'),
(160, '<228ead4d e32c4cc5 900963ed 2c9b845a 1dbe0ee9 d0bca56f de637b19 49eb7bd1>', '11662'),
(161, '<ba7793b4 6bfb1e51 4fff0a06 fc03c7f4 f3c1191b 96fbc10d 5da4373a 3f2ed2d0>', '7165'),
(162, '<8d5b9a5a 959ef7b0 dc5456eb 5a940352 b657c737 612382b1 8fd58be8 7d434a0d>', '3118'),
(163, '<17e3774e 07e9e34c c18593a9 08bad3b0 d80c25c1 7bc22779 66b94c26 7e245f6b>', '11686'),
(164, '<7907aae2 357fe43a 859f5515 6f5026e1 728d08eb 1ec72928 7e831192 86b0c7e0>', '11336'),
(165, '<14b66d00 f046a69e 929f9d05 2f9b6168 88592fd5 dabd2faf 32a283b4 b36adefc>', '11446'),
(166, '<882a5006 c287c49d dec35cce b387083d 516eb354 db64fc4a 94918929 12455ced>', '1078'),
(167, '<8137c82c 02992c8e 36c62fff 415e2975 547745aa d9a0d411 a38be27a d76b512b>', '11435'),
(168, '<38002b0c 1dc69b25 18e2f31b 14623a45 316f37c0 fa1f6781 982d6de7 a627a7e9>', '1065'),
(169, '<ddd5b144 19515725 c6986965 aa280eca 9b449bb9 f9d27c42 86bf3a81 d6694947>', '9143'),
(170, '<455eddc8 a7c4bb28 b8664993 8c6ef157 0cf894af 7d0ca04d a55173ab 71dc8414>', '1904'),
(171, '<2a0e91ac 777b21d3 8acc46a0 bcdc0459 f766c4bc 4afa53d5 3d639d30 bbfc87a1>', '9556'),
(172, '<f3c9877a db958532 1668883f 97cfa7b4 8ba14d61 622c410f 91fb3e10 76e770b9>', '9421'),
(173, '<a4a9fc01 8af718ea 99902da5 cf1a482e 86a1dd9f de42f91d 22f875c7 df24ea7d>', '9651'),
(174, '<29524f6b cc6a4a77 fc1b5d41 be8970f1 be4e0124 d839e6f1 3140a751 b4d15450>', '11580'),
(175, '<dea88281 b4b8f1c4 0809c405 5004da9c e2a81791 344d81c6 88673636 550d6eda>', '11580'),
(176, '<6cefab71 a90e2b56 10171af5 8892a6f9 9bd4597c fd5eb8c0 1a7641e8 560b81f9>', '11675'),
(177, '<043db38f 4eb49610 05e223f4 a13a7f71 6035338e b28c7b9e 9b3880c7 75cbcff6>', '11435'),
(178, '<a30a7762 eccf10da b2751ec4 3bde45ff c9ffd879 125656d2 5e78be6d 890e16cd>', '9734'),
(179, '<d4f0f969 d35f1739 25348e07 32a9a3fe 9f884d10 e3d90fa7 509af0fb 6e7908ec>', '11580'),
(180, '<7c84dad1 f991e243 141183c4 006ab16e ae8511ed 28216446 7a726a9c 54ede2c1>', '9558'),
(181, '<d69901d7 e47527b8 6756451a c74785f6 8ff5f1bb 4f4a0b2c e6081d43 06c4f27f>', '11641'),
(182, '<456aefe4 fe53f346 2d4a7ca2 a4075595 b7fb44be 405aba40 19211fd4 c519b358>', '9654'),
(183, '<f57b44f2 5f66d12b b1658ba7 8eee4010 251d7046 d99101f5 5bc455fa bbffaa52>', '9764'),
(184, '<e0aa630c a95b63e2 4d186dab 227aea26 b7dea6cc 560eb4f1 052b33c4 7ff504dc>', '9764'),
(185, '<fc0a34b1 c5b2f9d3 227dfcdc dd60aa1a 76a5acc0 661d9f17 9c17ad75 865c9e25>', '9764'),
(186, '<d388ca5e f40102f3 b056a1b1 3494a3fb 0350e954 e7771b7c 4e7ee7fc 23e45996>', '6063'),
(187, '<3b6c2129 6e9b0cff 2eb6075b 0b437a32 d7c4e5a4 66d33895 8525e91f 0e77f9a6>', '7133'),
(188, '<aa16a011 ec99b331 76699a49 b07c3a6c 38f0e3f3 9144493d c6427941 ad101d0e>', '913'),
(189, '<6f4e2ff4 e5ddb9dd 2665a955 1cd7af08 e1e0589b fa0001d9 d0fb9b59 7eaf806e>', '9316'),
(190, '<c7e2aea4 b2ff742b ebb1143d 0c2df8ce a6aef7d3 2e585fe1 874f3665 1ddbb9d9>', '11716'),
(191, '<07020731 65c653d1 df8540c5 ac0d07c5 0d3e5953 04a37427 fd34bd4d 9619aef4>', '11572'),
(192, '<ed380def ea9e8dae eaa607ea 061bce39 9caebbbf 01df5943 29669ca7 85bede75>', '11677'),
(193, '<0fc23a9e 88634d1f 80935dd5 864a2742 3cb3b74b 8770d026 2769517b 87cfd946>', '413'),
(194, '<57e96dca 6a910d21 5430b45e fb9673a9 c25a8e27 c9293bb5 45a65016 653e0390>', '3118'),
(195, '<005caaca 33ea4361 b7fa8bd2 7c3af885 8b4f28ed a24dfb10 5a59da38 69258ff7>', '11362'),
(196, '<3dc44055 175ffe1c 962c9c04 9af948e4 7e6974a6 1cc0ea00 3889c581 045214b8>', '5074'),
(197, '<a9711950 3407a864 d847a5a9 88382609 9d6c09f9 27e2435d 56cc4325 5d863ba0>', '9248'),
(198, '<b1bea3e9 8130769b ec6de332 495ed8fa a3d27f6d 1dfe951c 9aeebdec 903e1aa1>', '11260'),
(199, '<864451e5 215479dc b23c305e 7d88fa19 e7ae8ab6 c4dab1b7 1a591d9b 8be7f39f>', '11427'),
(200, '<a0a58f24 c5601c84 6eb041b6 a85f4317 63cdcf27 5c3ee1d3 f1838e5a a501b8d7>', '11448'),
(201, '<f910b699 2785e09c 0eee4fa1 9f03b907 061eff47 7dc6f0f2 8209a5b4 708de275>', '11683'),
(202, '<a58d37af ce74cb50 1435a06f 44df8c61 82665bf1 268b76cc d18a03dd 19726c33>', '11582'),
(203, '<cd6dd308 069449eb 3d685016 f2aebdb5 2b603c31 035726bd 8f5d8c10 c8e35ad4>', '11332'),
(204, '<6f37447b 9acc263b 23e6d150 ef21e3a9 804b8671 282f7a40 f3915404 fed6336b>', '9248'),
(205, '<87ac7331 b802c742 85eb4944 ffc25435 182de355 bb5fca3a b7f21c28 602f0444>', '11343'),
(206, '<790527dc a7d3c3a5 a5d1b0b4 96423132 a2ac1430 1cb2a6bf 2db38394 5fe7907d>', '9631'),
(207, '<7c375522 a769cf17 fe14c4f2 222d38e3 f913b8dc fc42c158 d5df1e06 77a70b5f>', '8240'),
(208, '<b28fd1af 7287b293 faa57066 860f075b fd054222 d5165a29 62910cfd 5d245558>', '9748'),
(209, '<e3fbe4ab 73fcc276 cf059c51 d0ee0e7f f04bd29c 978a4740 9014b1cb 0726ce35>', '7182'),
(210, '<cee15d97 cf995ad3 e8c0fc59 5c7463c3 211cb286 c277ac83 6c9f1c0b 49f6e151>', '11507'),
(211, '<a1013bb6 7ce37b27 b4c5e5f6 b616c661 828d82ec d891231c 2fb41cab cf55c0e7>', '11667'),
(212, '<5421cb38 4bf4aa90 5dc9e871 65b2fb91 947cef3e 5c38e563 e46556ba d001d6b3>', '7165'),
(213, '<6df423db 417f785f e442aa2e 21117bff 8af9d000 61b81cc9 c7cbca4d 20616a70>', '2024'),
(214, '<ae0e35e3 a071dd95 9488ea75 d1de9d49 4d0967a0 7f2e7959 5a7cd996 57e4342e>', '913'),
(215, '<bf64c0b1 c5436f13 d3ac9939 c97b7f20 9a97e4d8 811e6823 cb5729fc f4a554d1>', '11691'),
(216, '<d7aff2ef da8495e1 16ee99b8 7ff796fe eda6353f 7643f248 fad10c0d 7f190044>', '9706'),
(217, '<39ad1d9c 659f91f0 5893d395 1c25d700 9ebc4c93 a13a0431 64ce2de2 6169a333>', '11391'),
(218, '<c07e4b3c b32b8659 2494f2b1 3af768be d672eb10 c0749d7b 173fb373 31916f67>', '1269'),
(219, '<aab2cd1f c44cdb2d e67172cc b92f896c 989f8f39 9bc83385 dc953fbf 8848430b>', '11435'),
(220, '<f5dc6864 c96fd749 20b79159 751d453b 35ad885b 5c418cb3 74c942d6 2ad27f98>', '1631'),
(221, '<be191f15 eb81abc0 7c7346e6 b1ef8a5d 01701c7c de28ace7 431328b9 023f96f6>', '11683'),
(222, '<eda2fdd7 b3e1edf2 e97fe96e dcae8c93 93ef5e11 f775252a ea0be589 8a8c7cdc>', '4000'),
(223, '<da07508c 7e32a2f0 e7776045 b1115b97 94e93be3 7b67637b 98fb2463 67890190>', '11285'),
(224, '<73b4778e 80da957b 3db20151 3d1315f2 10210790 65c6a69f 986de00a 9e8fc3ef>', '11285'),
(225, '<ad8fd824 d3a863a2 da0f4cbf 6ab4cdc6 29c5418b 140f73ef 844c0fab a73f65cc>', '9566'),
(226, '<ad722d93 08044dac cf7ff122 235d30dd 208ed8a8 5211bbbf f283ce90 304a6d89>', '3118'),
(227, '<19441238 51dbe35b cc772b6b 46180f2e 4fcc8bbf 2e4b7b0d 8a668bf3 8cdc4330>', '837'),
(228, '<cd96db4c f7b7fd20 20931b7f e3336468 a3f79827 9163ca8e b77b7fb7 669b4303>', '9202'),
(229, '<83e67fd3 b3b1a364 da028961 ce257ad2 1617b585 e441ecda e47a5037 72550691>', '1907'),
(230, '<cf4055a2 c7380244 6328b1e8 250717f6 a7b5e225 2763235d dba59345 da804cc6>', '11593'),
(231, '<61a58a75 d41721b5 4679ed6a ea3e730a 49c8076b f20505f8 250e98ed 6aa550aa>', '11441'),
(232, '<4bca03a1 8b9d128a 3b0fea3b 23e83f9a 0fcc2146 ca414eaf 820a0b98 0ecdf23e>', '11486'),
(233, '<40bdf3cc 5d232a3f 2a99d5af 2dbf6cb3 cc90b7ad a553f026 0a529b2b 78b0806b>', '5074'),
(234, '<414e71f2 6b75283b b734f050 de7795f4 7b90f118 fbde9c7e 8535cb20 ccdce397>', '3059'),
(235, 'APA91bGu_RAT_CgvhFfwO8G3Aw2j30JX2k2n1PTrwGCbQBTZN7Su3zfCJV8AUNNRae3bcZ9DN1SWae9s2CUMtymThA40o3ZK6Wm4Q3nmMgjAVyvQa7LTEzczAMYaWwujx_go3zURIwmY', '1153'),
(236, '<ce901ca4 00777568 86bb2870 dd831cec 6946ba86 c3091a4b 23c1ac1f 4a85a941>', '4565'),
(237, '<db23d127 2833df0a 24a2416e 205bdab5 fa05efd6 8878469a cdaf0ac4 87e4bb1f>', '11710'),
(238, '<a13e006a e83b462c eb529a6b 98d5cae1 2ae8f583 c24ad71e 2561d38d 6b42996c>', '7081'),
(239, '<052d6cbf 82d98f70 4649e86b c96ff846 cadf67d6 7153204c 5878235b 62beb9b0>', '4565'),
(240, '<686d4f6e 1ac2d785 f2b2e69c 2a5a2cf6 92c760a5 f218c30d 9356afb7 9d6f5161>', '1508'),
(241, '<2a3bf364 17d14bb7 20d99bf0 761ba08b 0573d7d8 d73713e1 2f4d44c1 33ead859>', '4559'),
(242, '<7cf24226 4834ed29 9d950291 079c4421 7a468455 e1a3ef2a 2e0ffb14 d6c88e59>', '1496'),
(243, 'APA91bGvudERLTSspLRw-fCgW6DO_21eb_RKcUMRVz6jCU4EVSBjd8ZjVaH2133MR1II-ivI2evY8XKXkhxZi798aCKc1qbnaQT4cllPs12_o1Su6GNvzU2aoHArXgKyGo4v1uq4iEJu', '1165'),
(244, '<241c7655 6b8d0fc9 ae5bfd11 1d7dc088 912b1747 168abaee 7cddc844 59d2c7de>', '9439'),
(245, '<241c7655 6b8d0fc9 ae5bfd11 1d7dc088 912b1747 168abaee 7cddc844 59d2c7de>', '9439'),
(246, '<200003d6 7108af37 6cbe8819 9b4ba2b9 19c54203 9a8e477b 1688b794 b3db8014>', '11573'),
(247, 'APA91bHglWVSxbpEbFJH3u_RknaLxPC5CE5NMPUbUINiM_M_ZASHz9Vn805l-_ilUcfwZPXBi5_3a2UxQYWMcrsvMPe6qldyDs9_Lf1fAiUFwd6Yr9qhzjbauySCbX2_WwGqWWrpUXiL', '11463'),
(248, '<7481c470 4090435d 2f940c61 e6256164 545db2b9 903bcccf 83d486eb 2ecf5596>', '11459'),
(249, '<7481c470 4090435d 2f940c61 e6256164 545db2b9 903bcccf 83d486eb 2ecf5596>', '11459'),
(250, '<cb409158 9db12042 54f5d1f1 4079b3a0 de1fe169 85cab572 99e27076 b498c5c3>', '1039'),
(251, '<d7144407 4dbd9542 fef48ec3 7db4c2a8 81bc290e 8604e358 3691c1b8 1c6604cb>', '9763'),
(252, '<97c80d5e df9e49c9 68a685cf 10976582 7bea2f64 b7a7d41f 851c5f9c 91608708>', '9742'),
(253, '<9bf44920 85df8f8b 91ead906 0b4952d6 55f1ec56 cdcb4310 ab627a0d 4a043afd>', '11597'),
(254, '<e3d79c79 e6258811 6b03becc ec19c86a 8d09ca81 2516fec5 cdd820b9 0649b524>', '11453'),
(255, '<9cf5b490 272140fd 47abb896 3f3c03aa 4e8f6f6b 36baf2db 850f69c7 77cdddad>', '11428'),
(256, '<ab856e60 4d7e3318 6b123db7 374775a5 fba48f0a 5f6e78be 0ad12467 784002e4>', '9746'),
(257, '<be64cadb 3a6e1be1 79382f48 8a7454c7 ef0e3f4d c962ddc6 8e469ba2 67be6a5d>', '9663'),
(258, '<cd0a9357 095984e1 6738f538 9ebdfa02 473efb32 6aec9de9 c71268aa 92cf6ac7>', '11690'),
(259, '<313514a0 a847c7dc 4c8b1981 036d15cd f1e291da 176b609d f70242bd c78cef4c>', '11659'),
(260, '<0474b104 fbd31242 4c6240d9 071ad3b4 d484e4a9 e9a5e580 31a4dfbb e9028e24>', '1508'),
(261, '<0413fd52 49d51ccd 60a43674 230ee59f 558c8e2f 5993b54c 116e29a3 b3f30b3a>', '1300'),
(262, 'APA91bG6QNbynDt8gvf9CpVyO97R7I_CvFRVO3FceEhykzPsZdQQZ6QG67O_06OSx9U-O2FTpnZRyF99t6DO2zdhkc2bvVmGDa0zm5wYBDV4i4obj_Q1vsKKGgW3jb5oGbSeVWZifT-6', '11260'),
(263, '<0c5aa0fc c84c91bc 2d3ec09d 829a09a4 99e7564f 51f1cc5c 7a0dd67d e550b5e6>', '11516'),
(264, '<16d29dbd d31a6a21 251e8764 2c9234a8 f14f4927 5f7ae8f8 99e63864 a878e034>', '9423'),
(265, '<e2db4c5e cbd46465 d83a844b eb5745f0 80149845 9261ced4 52ab6233 a7e8f613>', '9423'),
(266, '<b539e4b3 f6cfb7c6 0b3dd436 31aa037e 8bcaa212 b044cdde f33d5705 03fed2c1>', '1925'),
(267, 'APA91bGwIfmTzzSVdZr5RV2QNHClifpUxDqq4-49fmDR6M_4NTEFWi6jNJXJdHRu6IbM9PSZ66Mlyh-CoIjXmnmxbM6nUQaWfM9_QyCYIkfi-SBze1dOcF56TsYvhNK3ziv4BmIzeEAC', '913'),
(268, '<f0fa8083 8466a426 acc30ebf 8c2fb9b1 95aa837c f829fb36 57252479 ba267c82>', '11465'),
(269, '<e9294162 ba5f4610 0196676c bb4f5421 e89995ec 3aebe368 7bc4b5bf 3496807e>', '11460'),
(270, '<5f171a21 8a29fbb5 1ce1ddcc 06e2141c 76316306 195086af 13aa4f3c a3a4751c>', '1537'),
(271, 'APA91bEAouwTF3nWrJ2mIs0ZPc4CDMED2wPUI32RphJiOJd3HQTMaxKYorl_vXHvqLoF6ClXD5ajvM59Uf9JAKBJbAfRCYAHRWN5gCi2yHwFhclNC6YzSTkYHhFhjhnkAv3TCMXMb3LC', '11579'),
(272, 'APA91bFD0jDtUx1rnkiZNg1Us4P4L_oMdDYCydkTCSGUK97VVVT_77_znspXIjztwUBFPEy80inIvXCn1E1y3NwFEgBD-aH-I_4c2iPtHWNZ7fyhpTphjOp3ffJSZnZM4hAiNnfn70x4', '11579'),
(273, 'APA91bG9yXuPe20XTy8v7OHmIc1gnYDB9laZ6-oWuj2GCUs8FcwwwvWCazY5PYLIH_saFx_k082xvEEwq7hc1JUbqOcaSgVzxP9kT45nPENLOXemNBwZiCGRJ9BWNSgpFZuVv6rc33_o', '9742'),
(274, '<93333c92 4a669a3f 8891a2d3 2bde73a7 5967ccee e1c0499b 32e70177 d31736c1>', '11346'),
(275, '<cba76c1c 1f83b6ba 12e07a05 6e3aa436 abdacead e543fb52 05c6f5ef 735918b1>', '11768'),
(276, '<6df0209b 8910df81 37e0555c 6eb82876 e40f3599 dc7e10f6 467f5a4b efa6ec38>', '6079'),
(277, '<6df0209b 8910df81 37e0555c 6eb82876 e40f3599 dc7e10f6 467f5a4b efa6ec38>', '6079'),
(278, '<6af03db1 ff48d1d2 379293b3 5ca6c5c4 637a03ba cb32a1bd 36d44290 ae3e1753>', '1925'),
(279, '<266051dd 3775e8ec 9578d8b3 9333afe0 2aacf821 578d938f 7a733b20 f75b6a2a>', '11736'),
(280, '<099a6b1f 4f5e441e 98f85cf7 31efc215 6f0c1373 63a64bd1 cd629f9d 578e8f75>', '11350'),
(281, '<bdc55788 63485638 cecfd709 0fc5037d 08feae98 fefb92a1 e065d8c1 21fd11d4>', '11659'),
(282, '<2bbf829e 6c19d7f5 f5d66fc5 103818d0 0eb48752 d5cf115d 476f4803 c1e6d514>', '11451'),
(283, '<48a5ce6b 733c3db5 234dc5c3 7b644e4a 6a22cc7e c15d899a 0d941e0e 867f0de2>', '11715'),
(284, '<704fad48 230e84af a37a686d 74cded68 7727bf93 0834e6c9 f1ca1f42 7c39f2f0>', '9143'),
(285, '<1d8767bd 5985d78d 120b2df9 25ca5114 377cb69a ec32eda4 ba11796c 21018c48>', '11684'),
(286, '<80dcc60d 2edf84f8 59e30d2c d345b60a 0b25519a a8fc83b3 82c40e1c 4a66f4d7>', '1280'),
(287, '<9e61d36f ba25a129 e735800b addc7dd2 8e55e0b6 c14661ac f730c423 850b8ccc>', '11623'),
(288, '<cd065002 04eac22d a9b8ecbc ac9c0584 b677250e 32cd818a 84aff1ae bd6d68d7>', '11752'),
(289, '<9eec36fd 53bcc03f 199c51c3 09d4e52a 2552510e 6328473a d3ac301a 0a6f8ebd>', '11771'),
(290, '<c294d746 bde570ed a67612f2 c3b9aa52 8764f321 b0003fd8 3ced0f2f f03d3e6c>', '9623'),
(291, '<10a26223 9982222b c2c9e3f0 4cc9bf28 61d21a23 52ecea65 51709f53 1edfcc9e>', '6025'),
(292, '<5f71ae90 336abcc0 fe340f98 f5e06fd3 9b0bf893 b3f55d79 d47bbd06 5e8b510f>', '11570'),
(293, '<3948dd48 e836e211 7ce3de48 9ed235a0 d49e1cf8 ea9454aa 3110f585 756183bf>', '9637'),
(294, '<9d82bb7e c31aa573 7c0bdd8a 33080986 3351fc8c 6d1b10ff baed3a91 ad15c7e4>', '11743'),
(295, '<fa3b47cb 4ba985d4 9d5b68fc 642385d5 e158dc63 68f57af0 1ded06d8 f41ac764>', '5087'),
(296, '<ba1f6c40 4d72b4d0 90b10fa8 a4941b3b 59fd7347 3d1cb871 36c81059 a0effc18>', '11767'),
(297, '<5afcc62a 77dc5634 92c7a454 159b82a4 6c60e366 b7d8549b 31124c80 cea5a8eb>', '11714'),
(298, '<b3a6315d 2dd6e931 f27ee8fb d29508e1 8a8422f1 e906d6f4 971516d7 e98c4dde>', '9742'),
(299, '<12893cdc b83c4a81 39111109 a620bc0b dafd735a e6d59736 59401309 2d7bc2ef>', '11359');

-- --------------------------------------------------------

--
-- Estructura de tabla para la tabla `familia`
--

CREATE TABLE IF NOT EXISTS `familia` (
  `id_familia` int(11) NOT NULL DEFAULT '0',
  `familia` decimal(5,0) NOT NULL DEFAULT '0',
  `nombre_familia` varchar(30) CHARACTER SET latin1 COLLATE latin1_general_ci NOT NULL,
  `usuario` varchar(6) CHARACTER SET latin1 COLLATE latin1_general_ci DEFAULT NULL,
  `pass` varchar(12) CHARACTER SET latin1 COLLATE latin1_general_ci DEFAULT NULL,
  UNIQUE KEY `familias_x` (`familia`)
) ENGINE=MyISAM DEFAULT CHARSET=latin1;

--
-- Volcado de datos para la tabla `familia`
--

INSERT INTO `familia` (`id_familia`, `familia`, `nombre_familia`, `usuario`, `pass`) VALUES
(240, '240', 'Castellanos Durán', 'F00240', '93717200'),
(413, '413', 'González Chávez', 'F00413', '93801089'),
(460, '460', 'Toussaint Escanes', 'F00460', '93404829'),
(501, '501', 'Camarena Siordia', 'F00501', '93618396'),
(519, '519', 'García Manzano', 'F00519', '93846777'),
(522, '522', 'Gutiérrez Ibarra', 'F00522', '93516402'),
(533, '533', 'Minakata Ponce', 'F00533', '93598936'),
(578, '578', 'Sahagún Kunhardt', 'F00578', '93697644'),
(637, '637', 'Ramírez Ontiveros', 'F00637', '93848892'),
(663, '663', 'González Figueroa', 'F00663', '93741327'),
(727, '727', 'Michel Ramírez', 'F00727', '93638243'),
(776, '776', 'Barragán Figueroa', 'F00776', '93641167'),
(812, '812', 'Iñiguez Castellanos', 'F00812', '93700527'),
(837, '837', 'De Oyarzabal Garciarce', 'F00837', '93882937'),
(845, '845', 'Padilla Navarro', 'F00845', '93603666'),
(848, '848', 'Santoscoy Valencia', 'F00848', '93436116'),
(859, '859', 'Duarte Pardo', 'F00859', '93692391'),
(913, '913', 'Álvarez Zuloaga', 'F00913', 'alvarez'),
(945, '945', 'Sánchez De Antuñano Durón', 'F00945', '93798032'),
(959, '959', 'De La Mora Rosado', 'F00959', '93610397'),
(968, '968', 'Gómez Padilla', 'F00968', '93713357'),
(994, '994', 'Ríos Zermeño', 'F00994', '93613320'),
(1033, '1033', 'Fernández Chavolla', 'F01033', '93560383'),
(1035, '1035', 'Madrigal Garza', 'F01035', '93562572'),
(1039, '1039', 'Rojas Barba', 'F01039', '93598234'),
(1078, '1078', 'Novo Corona', 'F01078', '93608943'),
(1084, '1084', 'Palero Roca', 'F01084', '93560775'),
(1085, '1085', 'Paniagua Camacho', 'F01085', '93531393'),
(1100, '1100', 'Sahagún Sánchez Aldana', 'F01100', '94574047'),
(1114, '1114', 'Zannie Calkins', 'F01114', '93626235'),
(1124, '1124', 'Rodríguez Espinosa de Los M', 'F01124', '93619272'),
(1127, '1127', 'Talamantes Mota', 'F01127', '93777989'),
(1143, '1143', 'Ramírez Cervantes', 'F01143', '93803247'),
(1153, '1153', 'Hinojosa Villa', 'F01153', 'bolantin'),
(1159, '1159', 'Bojórquez Amarillas', 'F01159', '93522639'),
(1165, '1165', 'Maldonado Núñez', 'F01165', '93444487'),
(1173, '1173', 'Aguilera Arroyo', 'F01173', '93535845'),
(1178, '1178', 'Cantarero Álvarez', 'F01178', '93385067'),
(1179, '1179', 'Carrillo Plasencia', 'F01179', '93659409'),
(1182, '1182', 'Covarrubias Ruíz', 'F01182', '93655213'),
(1195, '1195', 'Camberos Almada', 'F01195', '93530707'),
(1196, '1196', 'Casas Alemán Gómez', 'F01196', '93775193'),
(1201, '1201', 'Cunillé Shaadi', 'F01201', '93776541'),
(1212, '1212', 'Mora Cruz', 'F01212', '93184527'),
(1216, '1216', 'Rivera Celis', 'F01216', '93634253'),
(1269, '1269', 'Avelar Enciso', 'F01269', '93579627'),
(1280, '1280', 'Plasencia García', 'F01280', '93378215'),
(1284, '1284', 'Castellanos López', 'F01284', '93717200'),
(1300, '1300', 'Garciarce Sánchez', 'F01300', '93436121'),
(1302, '1302', 'Gresati Fernández', 'F01302', '93629757'),
(1303, '1303', 'Hawa Ascencio', 'F01303', '93633708'),
(1305, '1305', 'Padilla Silva', 'F01305', '93649509'),
(1307, '1307', 'Preciado Cámara', 'F01307', 'ceci1991'),
(1332, '1332', 'Montes de Oca Ramírez', 'F01332', '93437040'),
(1337, '1337', 'Tamayo Morales', 'F01337', '20282028'),
(1338, '1338', 'Zaragoza  De la Torre', 'F01338', '93717438'),
(1384, '1384', 'Escobedo Flores', 'F01384', '93549817'),
(1386, '1386', 'García García', 'F01386', '93939465'),
(1387, '1387', 'Gómez Cárdenas', 'F01387', '93807687'),
(1414, '1414', 'Ramal Acosta', 'F01414', '93717507'),
(1422, '1422', 'Valderrama Arroyo', 'F01422', '93652485'),
(1434, '1434', 'Vargas Amézquita', 'F01434', '94272227'),
(1441, '1441', 'Rosales Gómez', 'F01441', '94454042'),
(1444, '1444', 'Valencia Hernández', 'F01444', '93620177'),
(1465, '1465', 'Godínez Aguilar', 'F01465', '93800563'),
(1472, '1472', 'Martínez Robles', 'F01472', '93825085'),
(1494, '1494', 'Gómez Hurtado', 'F01494', '93780207'),
(1496, '1496', 'Mora Orozco', 'F01496', '93546279'),
(1498, '1498', 'Padilla Arroyo', 'F01498', '93688743'),
(1502, '1502', 'Vázquez Álvarez', 'F01502', '93703383'),
(1504, '1504', 'De Alba Fonseca', 'F01504', '93631850'),
(1508, '1508', 'Ochoa Garciarce', 'F01508', '93641357'),
(1526, '1526', 'Echeverri Arroyo', 'F01526', '93406759'),
(1531, '1531', 'Guerrero Alcaráz', 'F01531', '93552701'),
(1536, '1536', 'Ortega García', 'F01536', '93700099'),
(1537, '1537', 'Pérez Calderón', 'F01537', '93677539'),
(1538, '1538', 'Ramírez Urrea', 'F01538', '93870620'),
(1542, '1542', 'Rivas Gómez', 'F01542', '93751728'),
(1631, '1631', 'Salido Martínez', 'F01631', '93707579'),
(1804, '1804', 'Altamirano Gallardo', 'F01804', '93789711'),
(1808, '1808', 'Camarena Plascencia', 'F01808', '93649095'),
(1810, '1810', 'Cuesta Cruz', 'F01810', '93643251'),
(1811, '1811', 'Hernández Valerio', 'F01811', '93501311'),
(1821, '1821', 'Morett Sainz', 'F01821', '93620901'),
(1826, '1826', 'González Cerda', 'F01826', '93730382'),
(1904, '1904', 'Barba Cantarero', 'F01904', '93714032'),
(1907, '1907', 'Gatt Ontiveros', 'F01907', '93709287'),
(1925, '1925', 'Orozco Saucedo', 'F01925', '93687615'),
(2024, '2024', 'Ruiz León', 'F02024', '93188943'),
(3001, '3001', 'Aguilera González', 'F03001', '93562077'),
(3003, '3003', 'Alafandi Baeza', 'F03003', '93514227'),
(3004, '3004', 'Alarcón Llaguno', 'F03004', '93666565'),
(3018, '3018', 'Barba Torres', 'F03018', '93739503'),
(3059, '3059', 'Díaz Orozco', 'F03059', '93566879'),
(3068, '3068', 'Fernández Garciarce', 'F03068', '93557543'),
(3079, '3079', 'Rojas Angulo', 'F03079', '93758655'),
(3084, '3084', 'Rosales González', 'F03084', '93690641'),
(3094, '3094', 'Gómez-Ibarra Pérez-Gil', 'F03094', '93944855'),
(3101, '3101', 'Uribe Cruz', 'F03101', '93713661'),
(3104, '3104', 'González Sánchez', 'F03104', '93825354'),
(3118, '3118', 'Ibarra de la Torre', 'F03118', '93395663'),
(3164, '3164', 'López González', 'F03164', '93808569'),
(3289, '3289', 'Rubio Gerini', 'F03289', '93693615'),
(3302, '3302', 'Conejo Flores', 'F03302', '93632907'),
(3336, '3336', 'Aranguren Covarrubias', 'F03336', '93434287'),
(4046, '4046', 'Camacho Ramos', 'F04046', '93602903'),
(4123, '4123', 'García Vizcaíno', 'F04123', '93927567'),
(4125, '4125', 'Gómez Maraver', 'F04125', '93666513'),
(4185, '4185', 'Macías Álvarez', 'F04185', '04059107'),
(4210, '4210', 'Monjarás Romo', 'F04210', '93439343'),
(4221, '4221', 'Navarro Bolio', 'F04221', '93687762'),
(4510, '4510', 'Flores Aceves', 'F04510', '93590137'),
(4520, '4520', 'Villa Velázquez González', 'F04520', '94710732'),
(4559, '4559', 'Márquez Morett', 'F04559', '93720477'),
(4564, '4564', 'Sánchez Díaz', 'F04564', '94433475'),
(4565, '4565', 'Estrada Barba', 'F04565', '93597334'),
(4593, '4593', 'Zuñiga Acosta', 'F04593', '93633519'),
(4597, '4597', 'Haro Velasco', 'F04597', '93669428'),
(4600, '4600', 'Pérez Casillas', 'F04600', '93699447'),
(4621, '4621', 'Reynoso Obregón', 'F04621', '93633159'),
(5014, '5014', 'Orozco Magaña', 'F05014', '26602660'),
(5029, '5029', 'Trapero Sánchez-Gil', 'F05029', '94396012'),
(5044, '5044', 'Estrada Campos', 'F05044', '93603452'),
(5056, '5056', 'González Cortés', 'F05056', '93730382'),
(5074, '5074', 'Noriega Navarro', 'F05074', '93593775'),
(5087, '5087', 'Amador Huerta', 'F05087', '93603567'),
(6005, '6005', 'Martínez Escalante', 'F06005', '25111996'),
(6008, '6008', 'Preciado Ruiz Velasco', 'F06008', '93651618'),
(6014, '6014', 'Flores Hernández', 'F06014', '93709061'),
(6018, '6018', 'Hernández Fernández', 'F06018', '93560951'),
(6025, '6025', 'Aguilar Martínez', 'F06025', '36416320'),
(6027, '6027', 'Fernández Solorzano', 'F06027', '93571743'),
(6029, '6029', 'Márquez Sánchez', 'F06029', '94400751'),
(6035, '6035', 'Lozano  Espinosa', 'F06035', '93611117'),
(6036, '6036', 'Orozco Cabrera', 'F06036', '93584319'),
(6038, '6038', 'Ibarra Lemus', 'F06038', 'MAYAMA'),
(6044, '6044', 'Lemus Villa', 'F06044', '93692856'),
(6061, '6061', 'Suárez Gómez', 'F06061', '93640572'),
(6063, '6063', 'Gutiérrez Vázquez del Mercado', 'F06063', '93470797'),
(6064, '6064', 'Castañeda González', 'F06064', '93434363'),
(6066, '6066', 'Castellanos Vega', 'F06066', '93717200'),
(6068, '6068', 'Murueta Hecht', 'F06068', '93626831'),
(6071, '6071', 'Armienta Fernández', 'F06071', '93611640'),
(6072, '6072', 'Peña Hinojosa', 'F06072', 'NAVIDEN1'),
(6077, '6077', 'Amezcua Cuadra', 'F06077', '93703052'),
(6079, '6079', 'Guzmán Alcocer', 'F06079', '93764487'),
(6088, '6088', 'Urrea Iturbide', 'F06088', '93731121'),
(6090, '6090', 'Dubin Hernández', 'F06090', '93720807'),
(6095, '6095', 'Beckmann Arroyo', 'F06095', '93545250'),
(6098, '6098', 'Monsalve Gallegos', 'F06098', '93561053'),
(6099, '6099', 'Alcaraz Tejeda', 'F06099', '93649725'),
(6101, '6101', 'Mundo Nava', 'F06101', '93601428'),
(6102, '6102', 'Morales Gutierrez', 'F06102', '93711888'),
(6121, '6121', 'Carral Ochoa', 'F06121', '93610083'),
(7014, '7014', 'Flores Luelmo', 'F07014', '93604639'),
(7022, '7022', 'García León', 'F07022', '94671354'),
(7026, '7026', 'López Hernández', 'F07026', '93735679'),
(7061, '7061', 'Affenita Durón', 'F07061', '93550863'),
(7068, '7068', 'Zatarain Ripoll', 'F07068', '19121912'),
(7081, '7081', 'Mantiñan Durón', 'F07081', '93551455'),
(7089, '7089', 'Arias Martín', 'F07089', '93751813'),
(7132, '7132', 'Martinez Gayoso', 'F07132', '93581917'),
(7133, '7133', 'Pérez Pérez Cortés', 'F07133', '93859056'),
(7154, '7154', 'Suarez Tapia', 'F07154', '93657649'),
(7163, '7163', 'Buenrostro Alvarez', 'F07163', '93845981'),
(7165, '7165', 'Díaz Barragan', 'F07165', '93591117'),
(7179, '7179', 'Lizarraga Madrigal', 'F07179', '93427732'),
(7182, '7182', 'Cuellar Amarillas', 'F07182', '93688281'),
(8007, '8007', 'Ramos García', 'F08007', '93667979'),
(8012, '8012', 'Fernandez Ojeda', 'F08012', '93374967'),
(8013, '8013', 'Lemus González', 'F08013', '93815671'),
(8014, '8014', 'Carrillo Ruiz', 'F08014', '93623327'),
(8018, '8018', 'González Sánchez', 'F08018', '93825354'),
(8105, '8105', 'Carrillo López', 'F08105', '93597057'),
(8110, '8110', 'Cuburu Quiñonez', 'F08110', '93651192'),
(8121, '8121', 'Vargas Becerra', 'F08121', '93571198'),
(8161, '8161', 'Fuentes Gómez', 'F08161', '94504183'),
(8178, '8178', 'Padilla Saínz', 'F08178', '93609373'),
(8238, '8238', 'Cantarero  Esqueda', 'F08238', '93411747'),
(8240, '8240', 'Larios Álvarez', 'F08240', '93826478'),
(8255, '8255', 'Torres Preciado', 'F08255', '93606999'),
(8262, '8262', 'Guerra Gómez', 'F08262', '93660527'),
(8272, '8272', 'Malloy Sánchez', 'F08272', '93659187'),
(8314, '8314', 'Ramírez Ruvalcaba', 'F08314', '93886441'),
(9005, '9005', 'García Alvarez', 'F09005', '93637779'),
(9138, '9138', 'Castiello Marroquín', 'F09138', '93498962'),
(9143, '9143', 'Díaz Guzmán', 'F09143', '94305183'),
(9144, '9144', 'Cuén Quintero', 'F09144', '93688527'),
(9146, '9146', 'Campillo Vivanco', 'F09146', '93648549'),
(9147, '9147', 'Aldrete Arellano', 'F09147', '93690909'),
(9149, '9149', 'Morales Orozco', 'F09149', '93705179'),
(9155, '9155', 'Sordo Robles', 'F09155', '682120'),
(9156, '9156', 'Padilla López', 'F09156', '94432512'),
(9166, '9166', 'Corona Reynoso', 'F09166', '93715191'),
(9202, '9202', 'Zubieta Ramírez', 'F09202', '93654255'),
(9239, '9239', 'López Corona', 'F09239', '93739791'),
(9246, '9246', 'Covarrubias Angulo', 'F09246', '93713266'),
(9247, '9247', 'Errejón Flores', 'F09247', '93668395'),
(9248, '9248', 'Arámbula Padilla', 'F09248', '93585303'),
(9252, '9252', 'González Gutiérrez', 'F09252', '93833878'),
(9253, '9253', 'Villa Ituarte', 'F09253', '93658606'),
(9254, '9254', 'Razón Guzmán', 'F09254', '93882807'),
(9278, '9278', 'Ruvalcaba Valencia', 'F09278', '93414063'),
(9303, '9303', 'Gutiérrez Velásco', 'F09303', '12121212'),
(9304, '9304', 'Chidan Moreno', 'F09304', '93642987'),
(9305, '9305', 'Tostado Zepeda', 'F09305', '93632749'),
(9306, '9306', 'Calcáneo Muñoz', 'F09306', '93836273'),
(9307, '9307', 'Morales Verduzco', 'F09307', '93633255'),
(9308, '9308', 'Gómez Delgado', 'F09308', '31065060'),
(9309, '9309', 'Morales Beckmann', 'F09309', '93636426'),
(9310, '9310', 'García Medrano', 'F09310', '93791037'),
(9316, '9316', 'González Aubry', 'F09316', '93708312'),
(9358, '9358', 'Santacruz Romero', 'F09358', '93393871'),
(9360, '9360', 'Hernández Lomelí', 'F09360', '93509263'),
(9361, '9361', 'Landeros Gómez', 'F09361', '93560451'),
(9364, '9364', 'Muñoz Valdivia', 'F09364', '93709647'),
(9365, '9365', 'Horn Pérez', 'F09365', 'sofia88'),
(9366, '9366', 'López Epelstein', 'F09366', '93737231'),
(9384, '9384', 'Cervantes Ortíz', 'F09384', '93389695'),
(9417, '9417', 'Orozco Pérez Berrueco', 'F09417', '93731757'),
(9422, '9422', 'González Castellanos', 'F09422', '93801089'),
(9423, '9423', 'Huerga Ortiz', 'F09423', '93684939'),
(9424, '9424', 'Canales Oruña', 'F09424', '93760633'),
(9425, '9425', 'Gortazar Michel', 'F09425', '93579819'),
(9431, '9431', 'Gavica Peláez', 'F09431', '93624143'),
(9439, '9439', 'Torres Navarro', 'F09439', '93686444'),
(9442, '9442', 'Lama Horn', 'F09442', '93184335'),
(9478, '9478', 'Rizo Gil', 'F09478', '83034502'),
(9479, '9479', 'Corona Orozco', 'F09479', '83509081'),
(9480, '9480', 'Ramírez Plasencia', 'F09480', '83693119'),
(9481, '9481', 'Salido Gutiérrez', 'F09481', '83557774'),
(9482, '9482', 'Pérez Lanzagorta', 'F09482', '83645228'),
(9485, '9485', 'Vázquez Ojeda', 'F09485', '83544960'),
(9505, '9505', 'Rueda Treviño', 'F09505', '83680776'),
(9506, '9506', 'Sánchez Proal Amezcua', 'F09506', '83604795'),
(9526, '9526', 'Balleza Alonso', 'F09526', '83502560'),
(9540, '9540', 'González Jiménez', 'F09540', '85569851'),
(9548, '9548', 'Partida Flores', 'F09548', '85469521'),
(9552, '9552', 'Urtuzuástegui Paredes', 'F09552', '93079658'),
(9554, '9554', 'León Pérez', 'F09554', '92914906'),
(9556, '9556', 'Alarcón Acosta', 'F09556', '92755742'),
(9557, '9557', 'Morelos Valenzuela', 'F09557', '92789164'),
(9558, '9558', 'Cuesta Briseño', 'F09558', '92757756'),
(9561, '9561', 'Cunillé Elguero', 'F09561', '92937172'),
(9564, '9564', 'Carlos Plascencia', 'F09564', '92721026'),
(9566, '9566', 'Pérez-Vargas Pinson', 'F09566', '92895566'),
(9591, '9591', 'Matías Heredia', 'F09591', '92911186'),
(9592, '9592', 'Díaz Palacio', 'F09592', '92727248'),
(9617, '9617', 'Gómez Hernández', 'F09617', '85076186'),
(9618, '9618', 'Tamayo Arregui', 'F09618', '93117545'),
(9623, '9623', 'Espinoza Morales', 'F09623', '29072003'),
(9625, '9625', 'Cruz Hinojosa', 'F09625', '93102826'),
(9626, '9626', 'De la Rosa Villalever', 'F09626', '93154901'),
(9628, '9628', 'Hernández Morales', 'F09628', '92966457'),
(9629, '9629', 'Sánchez Aldana Amozurrutia', 'F09629', '93311105'),
(9630, '9630', 'Orea Gallo', 'F09630', '93039601'),
(9631, '9631', 'Alba Ríos', 'F09631', '2u.y1009'),
(9632, '9632', 'Hernández González', 'F09632', 'diciembr'),
(9634, '9634', 'Alessi Araque', 'F09634', 'cecilia68'),
(9636, '9636', 'Guzmán Padilla', 'F09636', '93248819'),
(9637, '9637', 'Recio De Aguinaga', 'F09637', '92966801'),
(9639, '9639', 'Sánchez Pillot Castillo', 'F09639', '82533704'),
(9641, '9641', 'Alvarez Elorriaga', 'F09641', '93146717'),
(9642, '9642', 'Orea Gómez Ibarra', 'F09642', 'TATIGUSI'),
(9644, '9644', 'Hernández Jaramillo', 'F09644', '93019849'),
(9645, '9645', 'Schroeder Harsanyi', 'F09645', '92890803'),
(9646, '9646', 'Mena Santos', 'F09646', '93041441'),
(9647, '9647', 'Arregui Alvarez', 'F09647', '93107937'),
(9648, '9648', 'Hernández Vargas', 'F09648', '92958505'),
(9649, '9649', 'Ramírez Bayardo', 'F09649', '93224375'),
(9650, '9650', 'Vizcaíno Alanis', 'F09650', '92974349'),
(9654, '9654', 'Gaxiola Estrada', 'F09654', '93156901'),
(9655, '9655', 'González Hernández', 'F09655', '93295955'),
(9656, '9656', 'González Salazar', 'F09656', '93281242'),
(9657, '9657', 'Morales González', 'F09657', '93147835'),
(9660, '9660', 'Morales Villaseñor', 'F09660', '93164891'),
(9661, '9661', 'Ramírez  Alonso', 'F09661', '93054851'),
(9662, '9662', 'Carral Ochoa', 'F09662', '93067277'),
(9663, '9663', 'Macedo Domínguez', 'F09663', '93073821'),
(9664, '9664', 'González Guerrero', 'F09664', '93203255'),
(9668, '9668', 'Trigo De la Garza', 'F09668', '93124638'),
(9671, '9671', 'Gómez Moreno', 'F09671', '93163193'),
(9696, '9696', 'Castellanos Sánchez', 'F09696', '93228227'),
(9706, '9706', 'Ozuna Gutiérrez', 'F09706', '93155701'),
(9715, '9715', 'Hinojosa Castellanos', 'F09715', '93060233'),
(9716, '9716', 'Green Garciarce', 'F09716', '93107723'),
(9738, '9738', 'Tostado García', 'F09738', '80146833'),
(9742, '9742', 'Martín Rivera', 'F09742', '85271089'),
(9743, '9743', 'Gamboa Martínez', 'F09743', '85057834'),
(9745, '9745', 'Urrea González', 'F09745', '85106376'),
(9746, '9746', 'Rico López', 'F09746', '85138474'),
(9747, '9747', 'Llamas Núñez', 'F09747', '85709393'),
(9748, '9748', 'Martínez Chapa', 'F09748', '85072924'),
(9749, '9749', 'Rodríguez López', 'F09749', '84955850'),
(9750, '9750', 'Hitti García de Alba', 'F09750', '85051290'),
(9751, '9751', 'Esponda Leaño', 'F09751', '85036223'),
(9752, '9752', 'Garciarce Nechyba', 'F09752', '84720952'),
(9753, '9753', 'Isaac De Santiago', 'F09753', '84904618'),
(9754, '9754', 'García Gómez', 'F09754', '85188102'),
(9755, '9755', 'González Hurtado', 'F09755', '85100944'),
(9756, '9756', 'Sandoval Hinojosa', 'F09756', '84902450'),
(9757, '9757', 'Orendain Hernández', 'F09757', '84966778'),
(9758, '9758', 'García  Aguilar', 'F09758', 'mariD#H'),
(9759, '9759', 'Ramírez Gutiérrez', 'F09759', '85231924'),
(9760, '9760', 'Ibarra Vizcarra', 'F09760', '85069030'),
(9761, '9761', 'Atilano Soto', 'F09761', '85016578'),
(9763, '9763', 'Sereñi Santos', 'F09763', '85212058'),
(9764, '9764', 'González Jiménez', 'F09764', '85109858'),
(9765, '9765', 'Fernández Leyva', 'F09765', '84844090'),
(9766, '9766', 'Orozco Alarcón', 'F09766', '84917724'),
(9768, '9768', 'Navarro Salido', 'F09768', '84962259'),
(9769, '9769', 'Dibildox Morales', 'F09769', '84950112'),
(9770, '9770', 'Gómez Arriaga', 'F09770', '85053469'),
(9772, '9772', 'Martínez Núñez', 'F09772', '85234222'),
(9773, '9773', 'Arreola Montes', 'F09773', '85017494'),
(9774, '9774', 'López Muñoz', 'F09774', '85046794'),
(9785, '9785', 'Urdapilleta Rangel', 'F09785', '85151894'),
(9787, '9787', 'Villaseñor Serratos', 'F09787', '85308697'),
(11259, '11259', 'Mayagoitia Groso', 'F11259', '85005614'),
(11260, '11260', 'Yerenas Miranda', 'F11260', '84998275'),
(11261, '11261', 'Seijas Girón', 'F11261', '84983494'),
(11262, '11262', 'Jiménez Mendoza', 'F11262', '85122278'),
(11281, '11281', 'Miranda Gómez', 'F11281', '85761259'),
(11285, '11285', 'Corvera Urrea', 'F11285', '85028182'),
(11286, '11286', 'Cabrera Alatorre', 'F11286', '85002126'),
(11287, '11287', 'González Aramburu', 'F11287', '85048184'),
(11288, '11288', 'Rubio Leaño', 'F11288', '271070'),
(11304, '11304', 'Márquez Cuevas', 'F11304', '79322580'),
(11305, '11305', 'Ibarra Amezcua', 'F11305', '79170855'),
(11306, '11306', 'Barajas Edid', 'F11306', '79188609'),
(11314, '11314', 'Rodríguez Leaño', 'F11314', '81229612'),
(11315, '11315', 'Garciarce García', 'F11315', '81078260'),
(11324, '11324', 'Gonzalez Mora', 'F11324', '80657827'),
(11325, '11325', 'Reyes Ramírez', 'F11325', '81563398'),
(11327, '11327', 'Rojas Ochoa', 'F11327', '84477813'),
(11328, '11328', 'Marín Sánchez Carrillo', 'F11328', '84941515'),
(11330, '11330', 'Cadena  Carreño', 'F11330', '84347310'),
(11331, '11331', 'Del Moral González', 'F11331', '79717136'),
(11332, '11332', 'Carús Pérez-Bouquet', 'F11332', '80350655'),
(11333, '11333', 'Rodríguez y Gascón González', 'F11333', '79969389'),
(11334, '11334', 'Gallardo Parra', 'F11334', '79940000'),
(11335, '11335', 'García Hernández', 'F11335', '82629710'),
(11336, '11336', 'Clouthier Lugo', 'F11336', '83274138'),
(11339, '11339', 'Del Fierro García', 'F11339', '84659513'),
(11340, '11340', 'Cordero Escoto', 'F11340', '84738689'),
(11341, '11341', 'Orendain Macedo', 'F11341', '84628231'),
(11342, '11342', 'Nájera Covarrubias', 'F11342', '84775085'),
(11343, '11343', 'Del Río  Velasco', 'F11343', '84520255'),
(11345, '11345', 'Torres Hall Silva', 'F11345', '84644820'),
(11346, '11346', 'Uribe Arana', 'F11346', '84697829'),
(11347, '11347', 'Malfavón Paredes', 'F11347', '84756933'),
(11350, '11350', 'Tostado Cavazos', 'F11350', '84658511'),
(11351, '11351', 'Carrillo Watanabe', 'F11351', '84700526'),
(11353, '11353', 'Zavala Reynoso', 'F11353', '84741381'),
(11354, '11354', 'Gómez González', 'F11354', '84854663'),
(11355, '11355', 'Pérez Lete Reynoso', 'F11355', '84781724'),
(11358, '11358', 'Candiani Robles', 'F11358', '84650319'),
(11359, '11359', 'Dorantes  Ibarreche', 'F11359', '84477541'),
(11362, '11362', 'Martínez Sandoval', 'F11362', '84885350'),
(11363, '11363', 'Navarro Casillas', 'F11363', '84667846'),
(11364, '11364', 'Favela Caro', 'F11364', '84649541'),
(11365, '11365', 'Portilla Corral', 'F11365', '84591316'),
(11368, '11368', 'Sánchez Michel', 'F11368', '84703277'),
(11369, '11369', 'Baruqui Estrada', 'F11369', '84771955'),
(11382, '11382', 'García Alcaraz', 'F11382', '84827177'),
(11383, '11383', 'Rojas Ponzo', 'F11383', '84791876'),
(11385, '11385', 'Cruz Flores', 'F11385', '84617261'),
(11387, '11387', 'Suárez Rojas', 'F11387', '84681941'),
(11390, '11390', 'Peña Zepeda', 'F11390', '84586845'),
(11391, '11391', 'Nuño Guzmán', 'F11391', '85331125'),
(11393, '11393', 'Hernández González', 'F11393', '84624653'),
(11394, '11394', 'Solórzano Valdés', 'F11394', '84497433'),
(11406, '11406', 'Martínez López de Lara', 'F11406', '84959862'),
(11408, '11408', 'Jacques Chávez', 'F11408', '84732328'),
(11409, '11409', 'Quiroz Barba', 'F11409', '84708541'),
(11410, '11410', 'Garciarce Lázaro', 'F11410', '84482215'),
(11411, '11411', 'Hernández Morelos', 'F11411', '84555357'),
(11412, '11412', 'Vázquez Franco', 'F11412', '84786323'),
(11415, '11415', 'Mendoza Romero', 'F11415', '84715201'),
(11419, '11419', 'Contreras Bilbao', 'F11419', '84443776'),
(11421, '11421', 'González Álvarez', 'F11421', '85658882'),
(11427, '11427', 'Campos González', 'F11427', '80374684'),
(11428, '11428', 'Fornés Arvayo', 'F11428', '80568792'),
(11429, '11429', 'Martínez del Campo Mantilla', 'F11429', '80831724'),
(11431, '11431', 'Gómez Cadena', 'F11431', '80345684'),
(11433, '11433', 'Beas Díaz de León', 'F11433', '80044065'),
(11434, '11434', 'Blanco Gómez', 'F11434', '80304661'),
(11435, '11435', 'Castro Ali Modad', 'F11435', '80289900'),
(11436, '11436', 'Andrade  Lemus', 'F11436', '80186388'),
(11437, '11437', 'Rodríguez Zuloaga', 'F11437', '80211118'),
(11438, '11438', 'Gómez Ortega', 'F11438', '80375467'),
(11440, '11440', 'Zamudio Santacruz', 'F11440', '80297852'),
(11441, '11441', 'Márquez Ortíz', 'F11441', '81080778'),
(11442, '11442', 'Gómez Coblentz', 'F11442', '80402372'),
(11443, '11443', 'Rodríguez Millán', 'F11443', '80203906'),
(11444, '11444', 'Fuentes Gaxiola', 'F11444', '80313098'),
(11445, '11445', 'Ojeda Velasco', 'F11445', '80312040'),
(11446, '11446', 'Blanco Landell', 'F11446', 'ReginB#'),
(11447, '11447', 'Sobrado Delgado', 'F11447', '80303148'),
(11448, '11448', 'Toucet Tostado', 'F11448', '80326366'),
(11449, '11449', 'Partida  Ancona', 'F11449', '80144968'),
(11450, '11450', 'Ramírez Ramírez Valadez', 'F11450', '80704980'),
(11451, '11451', 'Roux Rod', 'F11451', '79856124'),
(11452, '11452', 'Rojas Cervantes', 'F11452', '80426670'),
(11453, '11453', 'Salido Aldrete', 'F11453', '80246910'),
(11454, '11454', 'Soltero Sandoval', 'F11454', '80290997'),
(11455, '11455', 'Chavolla Valdés', 'F11455', '80316148'),
(11456, '11456', 'Pastor Aldana', 'F11456', '80277412'),
(11457, '11457', 'Lomelí Navarro', 'F11457', '80354050'),
(11458, '11458', 'Guerra López', 'F11458', '80351644'),
(11459, '11459', 'López Gómez', 'F11459', '80437848'),
(11460, '11460', 'Coker Tello', 'F11460', '80341332'),
(11461, '11461', 'Morales  Castellanos', 'F11461', '80208619'),
(11462, '11462', 'Martín del Campo Zayas', 'F11462', '80735172'),
(11463, '11463', 'Alcocer Güemez', 'F11463', '81196700'),
(11464, '11464', 'Sandoval Zuloaga', 'F11464', '80319642'),
(11465, '11465', 'Ramos Hopkins', 'F11465', '80402304'),
(11477, '11477', 'Guevara Aceves', 'F11477', '80290609'),
(11482, '11482', 'Morales LeRoy', 'F11482', '84449745'),
(11483, '11483', 'Hernández De Alba', 'F11483', '84315090'),
(11484, '11484', 'Serrano Verduzco', 'F11484', '84441789'),
(11485, '11485', 'Álvarez Garza', 'F11485', '84452058'),
(11486, '11486', 'Méndez Ramos', 'F11486', '84445826'),
(11488, '11488', 'Alcaraz Virgen', 'F11488', '84481304'),
(11489, '11489', 'Obregón Cevallos', 'F11489', '84435090'),
(11491, '11491', 'Martín Orozco', 'F11491', '84688314'),
(11497, '11497', 'Hernández Plasencia', 'F11497', '18152730'),
(11498, '11498', 'Fernández Agraz González Guerr', 'F11498', '84454334'),
(11504, '11504', 'Alvarez Plasencia', 'F11504', '84501503'),
(11507, '11507', 'Manzur De Alba', 'F11507', '84162965'),
(11508, '11508', 'Orozco Fernández', 'F11508', '84524646'),
(11511, '11511', 'Uribe Sánchez', 'F11511', '84586878'),
(11513, '11513', 'González Luna Chevallier', 'F11513', '84781325'),
(11514, '11514', 'Vizcaino Vazquez', 'F11514', '84440735'),
(11516, '11516', 'Garciarce Davila', 'F11516', '84190156'),
(11517, '11517', 'Navarro Rodarte', 'F11517', '84495549'),
(11519, '11519', 'Ortega  Rodríguez', 'F11519', '84403309'),
(11521, '11521', 'Esparza Del Valle', 'F11521', '84405228'),
(11524, '11524', 'Limón Olavarrieta', 'F11524', '80776354'),
(11525, '11525', 'Hernandez Garza', 'F11525', '88950417'),
(11526, '11526', 'Berrueta Zapata', 'F11526', '89259183'),
(11529, '11529', 'Mendoza Equihua', 'F11529', 'BAD2304'),
(11531, '11531', 'Pérez Castro', 'F11531', '89336400'),
(11532, '11532', 'Orozco Sánchez', 'F11532', '89235435'),
(11535, '11535', 'Lerdo de Tejada de Alba', 'F11535', '89340477'),
(11537, '11537', 'Casanueva Ramírez', 'F11537', '88964471'),
(11540, '11540', 'Pérez Navarro', 'F11540', '89253357'),
(11542, '11542', 'Plasencia Alvarez', 'F11542', '80710197'),
(11543, '11543', 'García Cortés', 'F11543', '83694436'),
(11544, '11544', 'Aguirre Nava', 'F11544', '84563367'),
(11545, '11545', 'Amaral Reyes', 'F11545', '84646484'),
(11547, '11547', 'Arias López', 'F11547', '84703540'),
(11549, '11549', 'Arreola Munguía', 'F11549', '84646904'),
(11550, '11550', 'Avalos Alvarez', 'F11550', '84627550'),
(11552, '11552', 'Bravo Morales', 'F11552', '84628036'),
(11554, '11554', 'Chamorro Peñalba', 'F11554', '84641004'),
(11556, '11556', 'Cuesta  Cortés', 'F11556', '84574924'),
(11558, '11558', 'Farias Guadalajara', 'F11558', '84549138'),
(11559, '11559', 'González Ramírez', 'F11559', '84765684'),
(11560, '11560', 'Guerra Vázquez', 'F11560', '84685080'),
(11562, '11562', 'Mercado Mora', 'F11562', '84607104'),
(11563, '11563', 'Miranda Bojórquez', 'F11563', '84674931'),
(11565, '11565', 'Orellana Pérez', 'F11565', '84553790'),
(11566, '11566', 'Organista Figueroa', 'F11566', '84387164'),
(11567, '11567', 'Ortiz Jimenez', 'F11567', '84642921'),
(11568, '11568', 'Osorno Natera', 'F11568', '84638604'),
(11569, '11569', 'Pelayo Sánchez', 'F11569', '84609719'),
(11570, '11570', 'Peregrina Medellín', 'F11570', '84377274'),
(11571, '11571', 'Pérez Rodríguez', 'F11571', '84722814'),
(11572, '11572', 'Pujol Flores', 'F11572', '84700189'),
(11573, '11573', 'Ramírez Barboza', 'F11573', '84714980'),
(11576, '11576', 'Sánchez Gil Rodríguez', 'F11576', '84618702'),
(11577, '11577', 'Sierra Ramírez', 'F11577', '84616304'),
(11578, '11578', 'Soto Barba', 'F11578', '84484612'),
(11579, '11579', 'Soto Toledo', 'F11579', '84504588'),
(11580, '11580', 'Stetson Muñoz', 'F11580', '84689584'),
(11581, '11581', 'Vázquez Minakata', 'F11581', '84635610'),
(11582, '11582', 'Verduzco Sandoval', 'F11582', '84574614'),
(11583, '11583', 'Ochoa Arroyo', 'F11583', '86036810'),
(11585, '11585', 'Gonzalez Paul Schultz', 'F11585', '83667963'),
(11586, '11586', 'Gonzalez Preciado', 'F11586', '83598537'),
(11587, '11587', 'Hernandez Terrazas', 'F11587', '83411461'),
(11588, '11588', 'Padilla Cuesta', 'F11588', '83693082'),
(11590, '11590', 'Díaz Dunn', 'F11590', '81038908'),
(11591, '11591', 'Asencio López', 'F11591', '82302396'),
(11592, '11592', 'Carothers Salido', 'F11592', '81249022'),
(11593, '11593', 'De Alba Romero', 'F11593', '81479777'),
(11595, '11595', 'Medina Sánchez', 'F11595', '81508076'),
(11596, '11596', 'Ochoa Vázquez', 'F11596', 'Sony2411'),
(11597, '11597', 'Castellanos Borondon', 'F11597', '81624209'),
(11598, '11598', 'Lopez Damy', 'F11598', '81581526'),
(11599, '11599', 'Orendain Muñoz', 'F11599', '81507130'),
(11601, '11601', 'Salido Gómez Ibarra', 'F11601', '81530452'),
(11602, '11602', 'Zepeda Pérez', 'F11602', '81510934'),
(11604, '11604', 'Pardo García', 'F11604', '81504716'),
(11614, '11614', 'Aceves Ochoa', 'F11614', '84583331'),
(11622, '11622', 'Soltero Arregui', 'F11622', '90819155'),
(11623, '11623', 'Carrillo Aguilar', 'F11623', '90664345'),
(11628, '11628', 'Hernández Mak', 'F11628', '89255505'),
(11629, '11629', 'Saldaña Antillon', 'F11629', '89398953'),
(11630, '11630', 'Sayeg Somellera', 'F11630', '89435682'),
(11632, '11632', 'Arámbula González', 'F11632', '86075109'),
(11634, '11634', 'Castillo Gallo', 'F11634', '86099392'),
(11641, '11641', 'Salas Duclaud', 'F11641', '86253781'),
(11644, '11644', 'Malacara Jiménez', 'F11644', '82563811'),
(11658, '11658', 'Silva Reyes', 'F11658', '87002898'),
(11659, '11659', 'Narváez Oliveros', 'F11659', '87281538'),
(11661, '11661', 'Espinosa Torres', 'F11661', '87009159'),
(11662, '11662', 'Sánchez Solórzano', 'F11662', '87129283'),
(11663, '11663', 'Padilla García', 'F11663', '86982840'),
(11666, '11666', 'Mabarak Carrandi', 'F11666', '87000091'),
(11667, '11667', 'Silveyra Alvarez', 'F11667', '86917108'),
(11668, '11668', 'García Calderón', 'F11668', '87203989'),
(11669, '11669', 'Moreno Sigala', 'F11669', '86998321'),
(11670, '11670', 'Zamora Mena', 'F11670', '86992639'),
(11671, '11671', 'Villalever Carrillo', 'F11671', '87188295'),
(11672, '11672', 'Ramírez Fernández', 'F11672', '87176695'),
(11673, '11673', 'Ramírez Gallardo', 'F11673', '87152099'),
(11674, '11674', 'García de la Vega Delfín', 'F11674', '86925747'),
(11675, '11675', 'Montelongo Echegollen', 'F11675', '87191437'),
(11676, '11676', 'Pelaez Mora', 'F11676', '86977776'),
(11677, '11677', 'Piza Schultz', 'F11677', '86999223'),
(11678, '11678', 'Reyes Torres', 'F11678', '87150853'),
(11679, '11679', 'Gómez Ladrón de Guevara', 'F11679', '87338167'),
(11680, '11680', 'Fernández Barragán', 'F11680', '87073237'),
(11681, '11681', 'Hernández Urtiz Izquierdo', 'F11681', '87030976'),
(11682, '11682', 'Tostado Camarena', 'F11682', '86990713'),
(11683, '11683', 'Garciarce Guerrero', 'F11683', '86815764'),
(11684, '11684', 'Nuñez Valencia', 'F11684', '87073006'),
(11685, '11685', 'Gómez Ibarra Moreno', 'F11685', '87181731'),
(11686, '11686', 'Rangel Gutiérrez', 'F11686', '87085129'),
(11687, '11687', 'De la Torre Antuñano', 'F11687', '87136235'),
(11688, '11688', 'Velasco Anaya', 'F11688', '87070243'),
(11689, '11689', 'García Martín', 'F11689', '87326077'),
(11690, '11690', 'Estrada Martínez', 'F11690', '86983496'),
(11691, '11691', 'Aldrete Guzmán', 'F11691', '87084193'),
(11692, '11692', 'Heredia Pedroza', 'F11692', '89374586'),
(11693, '11693', 'Méndez Hecht', 'F11693', '81363044'),
(11704, '11704', 'Blanco Lemus', 'F11704', '81418044'),
(11705, '11705', 'Aldaco Quiroz', 'F11705', '81390108'),
(11706, '11706', 'Ramos Cárdenas', 'F11706', '81588858'),
(11710, '11710', 'Chávez Aceves', 'F11710', '81536568'),
(11711, '11711', 'Moyano Barba', 'F11711', '81424269'),
(11714, '11714', 'Pérez Soltero', 'F11714', '81575820'),
(11715, '11715', 'Chávez Landeros', 'F11715', '81428242'),
(11716, '11716', 'García Herrera', 'F11716', '81647908'),
(11717, '11717', 'Ortiz de Montellano Sánchez', 'F11717', '81654748'),
(11720, '11720', 'Villaseñor Urióstegui', 'F11720', '81745303'),
(11722, '11722', 'Figueroa Reyes', 'F11722', '81401432'),
(11724, '11724', 'Alzati Müller', 'F11724', '91744942'),
(11729, '11729', 'Villarruel Servín', 'F11729', '91848048'),
(11735, '11735', 'Fuentes Preciado', 'F11735', '92114170'),
(11736, '11736', 'Anaya Olivares', 'F11736', '92169386'),
(11737, '11737', 'Ruvalcaba Espinosa', 'F11737', '91814153'),
(11738, '11738', 'Sánchez Gamiño', 'F11738', '92012511'),
(11739, '11739', 'Orozco Gorjón', 'F11739', '92114573'),
(11740, '11740', 'Loya López', 'F11740', '91499951'),
(11741, '11741', 'Flores Jiménez', 'F11741', '91354793'),
(11742, '11742', 'Martínez Isaac', 'F11742', '91484885'),
(11743, '11743', 'Arroyo Gerber', 'F11743', '91398269'),
(11744, '11744', 'Espinosa Navarro', 'F11744', '91319363'),
(11745, '11745', 'Santos Gómez', 'F11745', '91374198'),
(11746, '11746', 'Avila Magaña', 'F11746', '91350823'),
(11747, '11747', 'Gerber Arroyo', 'F11747', '91354043'),
(11748, '11748', 'González González', 'F11748', '91467926'),
(11749, '11749', 'González Cano', 'F11749', '91443930'),
(11750, '11750', 'López Alvarez', 'F11750', '91381610'),
(11751, '11751', 'Orozco Aymes', 'F11751', '91352825'),
(11752, '11752', 'Cárdenas Olivares', 'F11752', '91301399'),
(11753, '11753', 'Ruiz Peña', 'F11753', '90904975'),
(11754, '11754', 'Díaz De la Peña', 'F11754', '91230095'),
(11756, '11756', 'Olimón Madrigal', 'F11756', '91533131'),
(11757, '11757', 'Calderón Chávez', 'F11757', '91424405'),
(11758, '11758', 'Alemán Purata', 'F11758', '91590783'),
(11760, '11760', 'Castellanos Valdés', 'F11760', '91494591'),
(11761, '11761', 'Estrada Arreola', 'F11761', '91393043'),
(11762, '11762', 'López Vegambre', 'F11762', '91394075'),
(11763, '11763', 'Escobar Leaño', 'F11763', '91412135'),
(11764, '11764', 'Avila Cisneros', 'F11764', '91420420'),
(11765, '11765', 'Sánchez Barba', 'F11765', '87779634'),
(11766, '11766', 'Uranga Mercado', 'F11766', '87820454'),
(11767, '11767', 'López Camarena', 'F11767', '87819138'),
(11768, '11768', 'Hernández Romero', 'F11768', '87671878'),
(11769, '11769', 'Michel Tejeda', 'F11769', '87783545'),
(11770, '11770', 'Gutiérrez Martín', 'F11770', '87678432'),
(11771, '11771', 'Galván Torres', 'F11771', '88044996'),
(11772, '11772', 'Alvarez Echegollen', 'F11772', '87853910'),
(11773, '11773', 'Escoto Paredes', 'F11773', '87846606'),
(11774, '11774', 'Mestas Castellanos', 'F11774', '87862113'),
(11776, '11776', 'Morales Obregón', 'F11776', '87782472'),
(11789, '11789', 'Villegas Márquez', 'F11789', ''),
(11794, '11794', 'López Sánchez', 'F11794', ''),
(11797, '11797', 'Vega Castillo', 'F11797', ''),
(11798, '11798', 'Salgado Moreno', 'F11798', ''),
(11799, '11799', 'Michel Michel', 'F11799', ''),
(11800, '11800', 'Gómez Ruíz', 'F11800', ''),
(11801, '11801', 'Morett Hernández', 'F11801', ''),
(11802, '11802', 'Arufe Ayala', 'F11802', ''),
(11803, '11803', 'Delgado Medrano', 'F11803', ''),
(11805, '11805', 'Gallardo Castro', 'F11805', ''),
(11806, '11806', 'Morett Allende', 'F11806', ''),
(11809, '11809', 'Fajer Navarro', 'F11809', ''),
(11816, '11816', 'Rosales Hernández', 'F11816', '');

-- --------------------------------------------------------

--
-- Estructura de tabla para la tabla `foto`
--

CREATE TABLE IF NOT EXISTS `foto` (
  `id_foto` int(11) NOT NULL AUTO_INCREMENT,
  `titulo` varchar(100) DEFAULT NULL,
  `descripcion` varchar(500) DEFAULT NULL,
  `foto` varchar(100) DEFAULT NULL,
  `grupo` varchar(10) DEFAULT NULL,
  `grado` int(11) DEFAULT NULL,
  PRIMARY KEY (`id_foto`)
) ENGINE=InnoDB DEFAULT CHARSET=latin1 AUTO_INCREMENT=1 ;

-- --------------------------------------------------------

--
-- Estructura de tabla para la tabla `horario`
--

CREATE TABLE IF NOT EXISTS `horario` (
  `id_horario` int(11) NOT NULL AUTO_INCREMENT,
  `hora_inicio` time NOT NULL,
  `lu` varchar(10) DEFAULT NULL,
  `ma` varchar(10) DEFAULT NULL,
  `mi` varchar(10) DEFAULT NULL,
  `ju` varchar(10) DEFAULT NULL,
  `vi` varchar(10) DEFAULT NULL,
  `sa` varchar(10) DEFAULT NULL,
  `grado` int(11) DEFAULT NULL,
  `grupo` varchar(1) DEFAULT NULL,
  PRIMARY KEY (`id_horario`)
) ENGINE=MyISAM  DEFAULT CHARSET=latin1 AUTO_INCREMENT=236 ;

--
-- Volcado de datos para la tabla `horario`
--

INSERT INTO `horario` (`id_horario`, `hora_inicio`, `lu`, `ma`, `mi`, `ju`, `vi`, `sa`, `grado`, `grupo`) VALUES
(1, '07:30:00', 'ART', 'SOFI', 'REL', 'REL', 'CIV', NULL, 1, 'C'),
(2, '08:20:00', 'ART', 'ESP', 'MAT', 'ESP', 'MAT', NULL, 1, 'C'),
(3, '09:05:00', 'MAT', 'GEO', 'BIO', 'ESP', 'GEO', NULL, 1, 'C'),
(4, '10:15:00', 'BIO', 'COMP', 'MATE', 'BIO', 'ESP', NULL, 1, 'C'),
(5, '11:05:00', 'ING', 'COMP', 'EDUCFIS', 'GEO', 'BIO', NULL, 1, 'C'),
(6, '12:20:00', 'EDUCFIS', 'ING', 'ING', 'MATE', 'BIO', NULL, 1, 'C'),
(7, '13:10:00', 'GEO', 'ESP', 'REL', 'ING', 'ING', NULL, 1, 'C'),
(8, '07:30:00', 'BIO', 'COMP', 'BIO', 'ART', 'REL', NULL, 1, 'D'),
(9, '08:20:00', 'MATE', 'COMP', 'BIO', 'ART', 'BIO', NULL, 1, 'D'),
(10, '09:05:00', 'GEO', 'MATE', 'GEO', 'MATE', 'MATE', NULL, 1, 'D'),
(11, '10:15:00', 'EDUCFIS', 'ESP', 'ESP', 'GEO', 'BIO', NULL, 1, 'D'),
(12, '11:05:00', 'ING', 'ESP', 'ESP', 'ESP', 'GEO', NULL, 1, 'D'),
(13, '12:20:00', 'REL', 'ING', 'ING', 'REL', 'MATE', NULL, 1, 'D'),
(14, '13:10:00', 'CIV', 'EDUCFIS', 'SOFI', 'ING', 'ING', NULL, 1, 'D'),
(15, '07:30:00', 'EDUCFIS', 'REL', 'EDUCFIS', 'BIO', 'BIO', NULL, 1, 'H'),
(16, '08:20:00', 'BIO', 'BIO', 'ESP', 'MATE', 'ESP', NULL, 1, 'H'),
(17, '09:05:00', 'BIO', 'ESP', 'MATE', 'GEO', 'SOFI', NULL, 1, 'H'),
(18, '10:15:00', 'MATE', 'MATE', 'COMP', 'ART', 'GEO', NULL, 1, 'H'),
(19, '11:05:00', 'ING', 'GEO', 'COMP', 'ART', 'MATE', NULL, 1, 'H'),
(20, '12:20:00', 'GEO', 'ING', 'ING', 'ESP', 'REL', NULL, 1, 'H'),
(21, '13:10:00', 'ESP', 'REL', 'CIV', 'ING', 'ING', NULL, 1, 'H'),
(22, '08:20:00', 'HOG', 'MATE', 'AE', 'ART', 'AE', NULL, 1, 'E'),
(23, '09:05:00', 'SK', 'SK', 'TLR', 'MATE', 'EYV', NULL, 1, 'E'),
(24, '10:15:00', 'QUIM', 'EYV', 'MATE', 'INFO', 'MG', NULL, 1, 'E'),
(25, '11:05:00', 'QUIM', 'EYV', 'MATE', 'INFO', 'SK', NULL, 1, 'E'),
(26, '12:20:00', 'TLR', 'QUIM', 'TEO', 'ICS', 'TLR', NULL, 1, 'E'),
(27, '13:10:00', 'TEO', 'QUI', 'INFO', 'ICS', 'TLR', NULL, 1, 'E'),
(28, '14:00:00', 'TEO', '', '', '', '', NULL, 1, 'E'),
(29, '07:30:00', 'SK', 'TLR', 'HOG', 'TLR', 'MATE', NULL, 1, 'F'),
(30, '08:20:00', 'SK', 'TLR', 'HOG', 'TLR', 'MATE', NULL, 1, 'F'),
(31, '09:05:00', 'EYV', 'TEO', 'MATE', 'INFO', 'AE', NULL, 1, 'F'),
(32, '10:15:00', 'EYV', 'SK', 'AE', 'MATE', 'EYV', NULL, 1, 'F'),
(33, '11:05:00', 'CS', 'AE', 'AE', 'MATE', 'MG', NULL, 1, 'F'),
(34, '12:20:00', 'CS', 'INFO', 'QUIM', 'ART', 'TEO', NULL, 1, 'F'),
(35, '13:10:00', 'QUIM', 'INFO', 'QUIM', 'ART', 'TEO', NULL, 1, 'F'),
(36, '14:00:00', 'QUI', '', '', '', '', NULL, 1, 'F'),
(37, '07:30:00', 'EYV', 'HOG', 'MATE', 'MG', 'AE', NULL, 1, 'I'),
(38, '08:20:00', 'QUI', 'HOG', 'MATE', 'AE', 'AE', NULL, 1, 'I'),
(39, '09:05:00', 'QUIM', 'INFO', 'SK', 'QUIM', 'MATE', NULL, 1, 'I'),
(40, '10:15:00', 'TLR', 'MATE', 'QUIM', 'ART', 'SK', NULL, 1, 'I'),
(41, '11:05:00', 'TLR', 'MATE', 'TEO', 'ART', 'SK', NULL, 1, 'I'),
(42, '12:20:00', 'AE', 'TEO', 'TLR', 'INFO', 'EYV', NULL, 1, 'I'),
(43, '13:10:00', 'ICS', 'TEO', 'TLR', 'INFO', 'EYV', NULL, 1, 'I'),
(44, '14:00:00', 'ICS', '', '', '', '', NULL, 1, 'I'),
(45, '07:30:00', 'HM', 'MATE', 'SC', 'HOG', 'CON', NULL, 3, 'E'),
(46, '08:20:00', 'HM', 'MATE', 'SC', 'HOG', 'CON', NULL, 3, 'E'),
(47, '09:05:00', 'DSI', 'FIS', 'CON', 'BIO', 'AE', NULL, 3, 'E'),
(48, '10:15:00', 'AE', 'COMP', 'MATE', 'FIS', 'MATE', NULL, 3, 'E'),
(49, '11:05:00', 'AE', 'AE', 'MATE', 'FIS', 'LITE', NULL, 3, 'E'),
(50, '12:20:00', 'LITE', 'INFO', 'BIO', 'HM', 'DSI', NULL, 3, 'E'),
(51, '13:10:00', 'HF', 'INFO', 'BIO', 'EF', 'DSI', NULL, 3, 'E'),
(52, '14:00:00', 'HF', '', '', '', '', NULL, 3, 'E'),
(53, '07:30:00', 'DSI', 'BIO', 'MATE', 'SC', 'HOG', NULL, 3, 'F'),
(54, '08:20:00', 'DSI', 'HF', 'MATE', 'SC', 'HOG', NULL, 3, 'F'),
(55, '09:05:00', 'CON', 'MATE', 'FIS', 'CON', 'HM', NULL, 3, 'F'),
(56, '10:15:00', 'INFO', 'MATE', 'BIO', 'CON', 'AE', NULL, 3, 'F'),
(57, '11:05:00', 'INFO', 'COMP', 'BIO', 'AE', 'DSI', NULL, 3, 'F'),
(58, '07:30:00', 'HOG', 'MATE', 'AE', 'ART', 'AE', NULL, 1, 'E'),
(59, '12:20:00', 'HF', 'AE', 'LITE', 'FIS', 'MATE', NULL, 3, 'F'),
(60, '13:10:00', 'HM', 'AE', 'LITE', 'FIS', 'EF', NULL, 3, 'F'),
(61, '14:00:00', 'HM', NULL, NULL, NULL, NULL, NULL, 3, 'F'),
(62, '07:30:00', 'CAL', 'LAE', 'HUC', 'HUC', 'LAE', NULL, 5, 'E'),
(63, '08:20:00', 'CAL', 'LAE', 'EF', 'HUC', 'LAE', NULL, 5, 'E'),
(64, '09:05:00', 'DER', 'GEO', 'CAL', 'LAE', 'ADM', NULL, 5, 'E'),
(65, '10:15:00', 'FILO', 'ROB', 'MF', 'HI', 'ADM', NULL, 5, 'E'),
(66, '11:05:00', 'ADM', 'ROB', 'MF', 'HI', 'CAL', NULL, 5, 'E'),
(67, '12:20:00', 'MF', 'AH', 'FILO', 'CC', 'DER', NULL, 5, 'E'),
(68, '13:10:00', 'GEO', 'AH', 'HI', 'CC', 'DER', NULL, 5, 'E'),
(69, '14:00:00', 'GEO', NULL, NULL, NULL, NULL, NULL, 5, 'E'),
(70, '07:30:00', 'MF', 'LAE', 'EF', 'CAL', 'LAE', NULL, 5, 'F'),
(71, '08:20:00', 'MF', 'LAE', 'GEO', 'CAL', 'LAE', NULL, 5, 'F'),
(72, '09:05:00', 'GEO', 'MF', 'GEO', 'LAE', 'CAL', NULL, 5, 'F'),
(73, '10:15:00', 'DER', 'HI', 'HI', 'DER', 'HUC', NULL, 5, 'F'),
(74, '11:05:00', 'FILO', 'CAL', 'FILO', 'DER', 'HUC', NULL, 5, 'F'),
(75, '12:20:00', 'ADM', 'CC', 'ROB', 'HI', 'ADM', NULL, 5, 'F'),
(76, '13:10:00', 'AH', 'CC', 'ROB', 'HUC', 'ADM', NULL, 5, 'F'),
(77, '14:00:00', 'AH', NULL, NULL, NULL, NULL, NULL, 5, 'F'),
(78, '07:30:00', 'MAT', 'SOFI', 'REL', 'FIS', 'REL', NULL, 2, 'C'),
(79, '08:20:00', 'FIS', 'HIST', 'EF', 'MAT', 'MAT', NULL, 2, 'C'),
(80, '09:05:00', 'EF', 'FIS', 'ESP', 'CIV', 'ESP', NULL, 2, 'C'),
(81, '10:15:00', 'ING', 'ESP', 'ESP', 'HIST', 'ING', NULL, 2, 'C'),
(82, '11:05:00', 'FIS', 'ING', 'ING', 'ING', 'HIST', NULL, 2, 'C'),
(83, '12:20:00', 'ART', 'ESP', 'COMP', 'FIS', 'MAT', NULL, 2, 'C'),
(84, '13:10:00', 'ART', 'MAT', 'COMP', 'CIV', 'REL', NULL, 2, 'C'),
(85, '07:30:00', 'CIV', 'REL', 'MAT', 'REL', 'MAT', NULL, 2, 'D'),
(86, '08:20:00', 'ESP', 'FIS', 'COMP', 'FIS', 'FIS', NULL, 2, 'D'),
(87, '08:20:00', 'ESP', 'FIS', 'COMP', 'FIS', 'FIS', NULL, 2, 'D'),
(88, '09:05:00', 'ESP', 'REL', 'COMP', 'HIST', 'ESP', NULL, 2, 'D'),
(89, '09:05:00', 'ESP', 'REL', 'COMP', 'HIST', 'ESP', NULL, 2, 'D'),
(90, '10:15:00', 'ING', 'FIS', 'EF', 'ESP', 'ING', NULL, 2, 'D'),
(91, '11:15:00', 'HIST', 'ING', 'ING', 'ING', 'ESP', NULL, 2, 'D'),
(92, '12:20:00', 'FIS', 'ART', 'SOFI', 'MAT', 'HIST', NULL, 2, 'D'),
(93, '13:10:00', 'MAT', 'ART', 'EF', 'ART', 'CIV', NULL, 2, 'D'),
(94, '07:30:00', 'QUIM', 'QUIM', 'CIV', 'ESP', 'HIST', NULL, 3, 'C'),
(95, '08:20:00', 'EF', 'CIV', 'ANF', 'SOFI', 'REL', NULL, 3, 'C'),
(96, '09:05:00', 'ESP', 'REL', 'MAT', 'QUIM', 'QUIM', NULL, 3, 'C'),
(97, '10:15:00', 'ESP', 'ING', 'ING', 'ESP', 'COMP', NULL, 3, 'C'),
(98, '11:05:00', 'HIST', 'MAT', 'HIST', 'MAT', 'COMP', NULL, 3, 'C'),
(99, '12:20:00', 'MAT', 'ANF', 'EF', 'IMG', 'ESP', NULL, 3, 'C'),
(100, '13:10:00', 'REL', 'ING', 'ING', 'QUIM', 'MAT', NULL, 3, 'C'),
(101, '07:30:00', 'REL', 'MAT', 'SOFI', 'MAT', 'REL', NULL, 3, 'D'),
(102, '08:20:00', 'ESP', 'MAT', 'ESP', 'CIV', 'ESP', NULL, 3, 'D'),
(103, '09:05:00', 'MAT', 'ESP', 'HIST', 'REL', 'MAT', NULL, 3, 'D'),
(104, '10:15:00', 'HIST', 'ING', 'ING', 'QUIM', 'QUIM', NULL, 3, 'D'),
(105, '11:05:00', 'QUIM', 'ANF', 'QUIM', 'ESP', 'CIV', NULL, 3, 'D'),
(106, '12:20:00', 'HIST', 'QUIM', 'ANF', 'ING', 'COMP', NULL, 3, 'D'),
(107, '12:20:00', 'HIST', 'QUIM', 'ANF', 'ING', 'COMP', NULL, 3, 'D'),
(108, '13:10:00', 'EF', 'ING', 'ING', 'EF', 'COMP', NULL, 3, 'D'),
(109, '07:30:00', 'ESP', 'REL', 'REL', 'SOFI', 'COMP', NULL, 3, 'H'),
(110, '08:20:00', 'HIST', 'ESP', 'MAT', 'ESP', 'COMP', NULL, 3, 'H'),
(111, '09:05:00', 'ANF', 'HIST', 'EF', 'ESP', 'HIST', NULL, 3, 'H'),
(112, '10:15:00', 'MAT', 'ING', 'ING', 'MAT', 'ESP', NULL, 3, 'H'),
(113, '11:05:00', 'EF', 'QUIM', 'ANF', 'QUIM', 'MAT', NULL, 3, 'H'),
(114, '12:20:00', 'QUIM', 'MAT', 'QUIM', 'ING', 'REL', NULL, 3, 'H'),
(115, '13:10:00', 'QUIM', 'ING', 'ING', 'CIV', 'CIV', NULL, 3, 'H'),
(116, '07:30:00', 'MAT', 'ESP', 'ESP', 'SOCIAL S', 'INGL', NULL, 1, 'A'),
(117, '08:15:00', 'MATE', 'ESP', 'MUS', 'SOCIAL S', 'ING', NULL, 1, 'A'),
(118, '09:20:00', 'REL', 'REL', 'SING', 'ING', 'HOG', NULL, 1, 'A'),
(119, '10:05:00', 'REL', 'COMP', 'MATE', 'MATE', 'HOG', NULL, 1, 'A'),
(120, '10:45:00', 'SOFI', 'NEURO', 'SCIEN', 'MATE', 'SCIEN', NULL, 1, 'A'),
(121, '11:25:00', 'ING', 'ING', 'SCIEN', 'CIV-ETI', 'NEU-UTLI', NULL, 1, 'A'),
(122, '12:30:00', 'EDUFIS', 'ING', 'ING', 'DANZA', 'COMP.LECT', NULL, 1, 'A'),
(123, '13:05:00', 'ORT', 'ING', 'ING', 'COMP.LECT', 'ESP', NULL, 1, 'A'),
(124, '07:30:00', 'MATE', 'ING', 'SCIEN', 'MATE', 'COMP.LECT', NULL, 1, 'B'),
(125, '08:15:00', 'MATE', 'ING', 'SCIEN', 'MATE', 'NEURO-UTLI', NULL, 1, 'B'),
(126, '09:20:00', 'ORT', 'ING', 'MUS', 'CIV-ETI', 'HOG', NULL, 1, 'B'),
(127, '10:05:00', 'SOFI', 'NEURO', 'SING', 'DANZA', 'HOG', NULL, 1, 'B'),
(128, '10:45:00', 'REL', 'COMP', 'MATE', 'SOC S', 'ESP', NULL, 1, 'B'),
(129, '11:25:00', 'REL', 'REL', 'EDUC.FIS', 'SOC S', 'SCIE', NULL, 1, 'B'),
(130, '12:30:00', 'ING', 'ESP', 'ESP', 'ING', 'ING', NULL, 1, 'B'),
(131, '13:15:00', 'ING', 'ESP', 'ESP', 'ING', 'ING', NULL, 1, 'B'),
(132, '07:30:00', 'SOFI', 'REL', 'MATE', 'MATE', 'ING', NULL, 2, 'A'),
(133, '08:15:00', 'REL', 'REL', 'MATE', 'CIV-ETI', 'ING', NULL, 2, 'A'),
(134, '09:20:00', 'SCIE', 'MATE', 'ING', 'ESP', 'SOC S', NULL, 2, 'A'),
(135, '10:05:00', 'NEU-UTLI', 'MATE', 'ING', 'ESP', 'SOC S', NULL, 2, 'A'),
(136, '10:45:00', 'HOG', 'SCIE', 'MUS', 'DANZA', 'ESP', NULL, 2, 'A'),
(137, '11:25:00', 'HOG', 'SCIE', 'NEU', 'ING', 'ESP', NULL, 2, 'A'),
(138, '12:30:00', 'ORT', 'ING', 'COMP', 'ING', 'EDUC FIS', NULL, 2, 'A'),
(139, '13:15:00', 'ESP', 'ING', 'COMP LECT', 'ING', 'SING', NULL, 2, 'A'),
(140, '07:30:00', 'MATE', 'ESP', 'ING', 'ING', 'NEURO-UTLI', NULL, 1, 'G'),
(141, '08:15:00', 'MATE', 'ESP', 'ING', 'ING', 'ING', NULL, 1, 'G'),
(142, '09:20:00', 'ORT', 'NEU', 'ESP', 'DANZA', 'ING', NULL, 1, 'G'),
(143, '10:05:00', 'ING', 'SCIE', 'MUS', 'SOC S', 'ING', NULL, 1, 'G'),
(144, '10:45:00', 'ING', 'REL', 'SCIE', 'SOC S', 'HOG', NULL, 1, 'G'),
(145, '11:25:00', 'SOFI', 'COMP', 'SCIE', 'CIV-ETI', 'HOG', NULL, 1, 'G'),
(146, '12:30:00', 'REL', 'MATE', 'SING', 'ESP', 'COMP LECT', NULL, 1, 'G'),
(147, '13:15:00', 'REL', 'MATE', 'MATE', 'ESP', 'EDUC FIS', NULL, 1, 'G'),
(148, '07:30:00', 'REL', 'MATE', 'ING', 'ING', 'MATE', NULL, 2, 'B'),
(149, '08:15:00', 'SOFI', 'MATE', 'ING', 'ING', 'SING', NULL, 2, 'B'),
(150, '09:20:00', 'NEURO-UTLI', 'SCIE', 'MATE', 'ING', 'ESP', NULL, 2, 'B'),
(151, '10:05:00', 'SCIE', 'SCIE', 'MATE', 'ING', 'COMP LECT', NULL, 2, 'B'),
(152, '10:45:00', 'ESP', 'ING', 'NEU', 'ESP', 'ING', NULL, 2, 'B'),
(153, '11:25:00', 'ORT', 'ING', 'MUS', 'DANZA', 'EDUC FIS', NULL, 2, 'B'),
(154, '12:30:00', 'SOC S', 'REL', 'CIV-ETI', 'ESP', 'HOG', NULL, 2, 'B'),
(155, '13:15:00', 'SOC S', 'REL', 'COMP', 'ESP', 'HOG', NULL, 2, 'B'),
(156, '07:30:00', 'MATE', 'COMP', 'ESP', 'MATE', 'ESP', NULL, 3, 'A'),
(157, '08:15:00', 'MATE', 'DANZA', 'ESP', 'MATE', 'MATE', NULL, 3, 'A'),
(158, '09:20:00', 'CIV', 'ING', 'HIST', 'ING', 'ING', NULL, 3, 'A'),
(159, '10:05:00', 'CIV', 'ING', 'HIST', 'ING', 'ING', NULL, 3, 'A'),
(160, '10:45:00', 'SOFI', 'ESP', 'ART-UTLI', 'SCIE', 'REL', NULL, 3, 'A'),
(161, '11:25:00', 'EDUC FIS', 'ESP', 'ING', 'SCIE', 'REL', NULL, 3, 'A'),
(162, '12:30:00', 'ESP', 'NEU', 'ING', 'HOG', 'NEU', NULL, 3, 'A'),
(163, '13:15:00', 'REL', 'MATE', 'ING', 'HOG', 'SCIE', NULL, 3, 'A'),
(164, '07:30:00', 'ESP', 'DANZA', 'ING', 'ESP', 'MATE', NULL, 3, 'B'),
(165, '08:15:00', 'SOFI', 'COMP', 'ING', 'ESP', 'ESP', NULL, 3, 'B'),
(166, '09:20:00', 'MAT', 'MAT', 'ING', 'SCIE', 'REL', NULL, 3, 'B'),
(167, '10:05:00', 'MAT', 'MAT', 'ART-UTLI', 'SCIE', 'REL', NULL, 3, 'B'),
(168, '10:45:00', 'CIV', 'ING', 'ESP', 'ING', 'ING', NULL, 3, 'B'),
(169, '11:25:00', 'CIV', 'ING', 'ESP', 'ING', 'ING', NULL, 3, 'B'),
(170, '12:30:00', 'REL', 'HIST', 'HOG', 'NEURO', 'SCIE', NULL, 3, 'B'),
(171, '13:15:00', 'EDUC FIS', 'HIST', 'HOG', 'MATE', 'NEURO', NULL, 3, 'B'),
(172, '07:30:00', 'CIV-ETI', 'SCIE', 'GEO', 'MAT', 'ESP', NULL, 4, 'A'),
(173, '08:15:00', 'SOFI', 'SCIE', 'GEO', 'MATE', 'ESP', NULL, 4, 'A'),
(174, '09:20:00', 'HOG', 'MATE', 'ING', 'REL', 'COMP', NULL, 4, 'A'),
(175, '10:05:00', 'HOG', 'MATE', 'ING', 'REL', 'COMP', NULL, 4, 'A'),
(176, '10:45:00', 'SCIE', 'REL', 'MATE', 'ING', 'ING', NULL, 4, 'A'),
(177, '11:25:00', 'ING', 'EDU FIS', 'COMP LECT', 'ING', 'ING', NULL, 4, 'A'),
(178, '12:30:00', 'ORT', 'ESP', 'DANZA', 'HIST', 'ING', NULL, 4, 'A'),
(179, '13:15:00', 'MATE', 'ESP', 'ART-EXPR', 'HIST', 'ING', NULL, 4, 'A'),
(180, '07:30:00', 'MATE', 'CIV-ETI', 'MATE', 'ESP', 'ING', NULL, 4, 'B'),
(181, '08:15:00', 'MATE ', 'ING', 'MATE', 'ESP', 'ING', NULL, 4, 'B'),
(182, '09:20:00', 'HOG', 'GEO', 'ESP', 'HIST', 'SCIE', NULL, 4, 'B'),
(183, '10:05:00', 'HOG', 'GEO', 'ESP', 'HIST', 'SCIE', NULL, 4, 'B'),
(184, '10:45:00', 'SOFI', 'ORT', 'ING', 'REL', 'COMP', NULL, 4, 'B'),
(185, '11:25:00', 'SCIE', 'COMP LECT', 'ING', 'REL', 'COMP', NULL, 4, 'B'),
(186, '12:30:00', 'ING', 'REL', 'ART-EXP', 'ING', 'MATE', NULL, 4, 'B'),
(187, '13:15:00', 'ING', 'EDU FIS', 'DANZA', 'ING', 'MATE', NULL, 4, 'B'),
(188, '07:30:00', 'SOFI', 'ING', 'GEO', 'SCIE', 'ING', NULL, 4, 'G'),
(189, '08:15:00', 'ORT', 'ING', 'GEO', 'SCIE', 'ING', NULL, 4, 'G'),
(190, '09:20:00', 'MATE', 'ING', 'HOG', 'HIST', 'ING', NULL, 4, 'G'),
(191, '10:05:00', 'MATE', 'ING', 'HOG', 'HIST', 'ESP', NULL, 4, 'G'),
(192, '10:45:00', 'ESP', 'MATE', 'COMP LECT', 'CIV-ETI', 'MATE', NULL, 4, 'G'),
(193, '11:25:00', 'ESP', 'MATE', 'ART-EXP', 'ESP', 'MATE', NULL, 4, 'G'),
(194, '12:30:00', 'SCIE', 'EDUC FIS', 'ING', 'REL', 'COMP', NULL, 4, 'G'),
(195, '13:15:00', 'DANZA', 'REL', 'ING', 'REL', 'COMP', NULL, 4, 'G'),
(196, '07:30:00', 'MATE', 'ESP', 'SCIE', 'MATE', 'ORT', NULL, 5, 'A'),
(197, '08:15:00', 'MATE', 'CIV-ETI', 'SCIE', 'MATE', 'MATE', NULL, 5, 'A'),
(198, '09:20:00', 'ESP', 'HIST', 'ING', 'HOG', 'REL', NULL, 5, 'A'),
(199, '10:05:00', 'SOFI', 'GEO', 'ING', 'HOG', 'REL', NULL, 5, 'A'),
(200, '10:45:00', 'COMP', 'GEO', 'ESP', 'ING', 'SING', NULL, 5, 'A'),
(201, '11:25:00', 'COMP', 'DANZA', 'ESP', 'ING', 'ING', NULL, 5, 'A'),
(202, '12:30:00', 'ING', 'REL', 'EDU FIS', 'SCIE', 'ING', NULL, 5, 'A'),
(203, '13:15:00', 'ING', 'ART-EXP', 'HIST', 'COMP LEC', 'ING', NULL, 5, 'A'),
(204, '07:30:00', 'ESP', 'GEO', 'MATE', 'ESP', 'SING', NULL, 5, 'B'),
(205, '08:15:00', 'ESP', 'GEO', 'MAT', 'ESP', 'SCIE', NULL, 5, 'B'),
(206, '09:20:00', 'MATE', 'CIV-ETI', 'SCIE', 'ING', 'ING', NULL, 5, 'B'),
(207, '10:05:00', 'ING', 'MATE', 'SCIE', 'ING', 'ING', NULL, 5, 'B'),
(208, '10:45:00', 'ING', 'MATE', 'ING', 'HOG', 'REL', NULL, 5, 'B'),
(209, '11:25:00', 'SOFI', 'REL', 'ING', 'HOG', 'REL', NULL, 5, 'B'),
(210, '12:30:00', 'COMP', 'ART EXP', 'ING', 'HIST', 'COMP LEC', NULL, 5, 'B'),
(211, '13:15:00', 'COMP', 'DANZA', 'EDU FIS', 'HIST', 'ORT', NULL, 5, 'B'),
(212, '07:30:00', 'ESP', 'ING', 'MATE', 'MATE', 'MATE', NULL, 6, 'A'),
(213, '08:15:00', 'ESP', 'ING', 'MATE', 'MATE', 'SCIE', NULL, 6, 'A'),
(214, '09:20:00', 'REL', 'ING', 'HIST', 'HOG', 'ING', NULL, 6, 'A'),
(215, '10:05:00', 'REL', 'ESP', 'HIST', 'HOG', 'ING', NULL, 6, 'A'),
(216, '10:45:00', 'SOFI', 'ESP', 'COMP', 'CIV-ETI', 'ESP', NULL, 6, 'A'),
(217, '11:25:00', 'MATE', 'ART-EXP', 'COMP', 'EDU FIS', 'ESP', NULL, 6, 'A'),
(218, '12:30:00', 'ING', 'GEO', 'ING', 'SCIE', 'MATE', NULL, 6, 'A'),
(219, '13:15:00', 'ING', 'GEO', 'ING', 'SCIE', 'REL', NULL, 6, 'A'),
(220, '07:30:00', 'MATE', 'ESP', 'COMP', 'ESP', 'SCIE', NULL, 6, 'B'),
(221, '08:15:00', 'MATE', 'ESP', 'COMP', 'ESP', 'ING', NULL, 6, 'B'),
(222, '09:20:00', 'ESP', 'ART-EXP', 'MATE', 'SCIE', 'ING', NULL, 6, 'B'),
(223, '10:05:00', 'SOFI', 'MATE', 'MATE', 'SCIE', 'ING', NULL, 6, 'B'),
(224, '10:45:00', 'REL', 'GEO', 'HOG', 'ING', 'MATE', NULL, 6, 'B'),
(225, '11:25:00', 'REL', 'GEO', 'HOG', 'ING', 'MATE', NULL, 6, 'B'),
(226, '12:30:00', 'HIST', 'ING', 'ING', 'EDU FIS', 'REL', NULL, 6, 'B'),
(227, '13:15:00', 'HIST', 'ING', 'ING', 'CIV-ETI', 'ESP', NULL, 6, 'B'),
(228, '07:30:00', 'ING', 'MAT', 'ING', 'SCIE', 'ESP', NULL, 6, 'G'),
(229, '08:15:00', 'SOFI', 'MATE', 'ING', 'SCIE', 'ESP', NULL, 6, 'G'),
(230, '09:20:00', 'MATE', 'ESP', 'COMP', 'GEO', 'MATE', NULL, 6, 'G'),
(231, '10:05:00', 'MATE', 'ART-EXP', 'COMP', 'GEO', 'MATE', NULL, 6, 'G'),
(232, '10:45:00', 'ESP', 'ING', 'HOG', 'MATE', 'REL', NULL, 6, 'G'),
(233, '11:25:00', 'ESP', 'ING', 'HOG', 'CIV-ETI', 'SCIE', NULL, 6, 'G'),
(234, '12:30:00', 'REL', 'ING', 'HIST', 'ESP', 'ING', NULL, 6, 'G'),
(235, '13:15:00', 'REL', 'ING', 'HIST', 'EDU FIS', 'ING', NULL, 6, 'G');

-- --------------------------------------------------------

--
-- Estructura de tabla para la tabla `maestro`
--

CREATE TABLE IF NOT EXISTS `maestro` (
  `id_maestro` int(11) NOT NULL AUTO_INCREMENT,
  `nombre` varchar(45) DEFAULT NULL,
  `usuario` varchar(45) DEFAULT NULL,
  `pass` varchar(45) DEFAULT NULL,
  PRIMARY KEY (`id_maestro`)
) ENGINE=InnoDB  DEFAULT CHARSET=utf8 AUTO_INCREMENT=21 ;

--
-- Volcado de datos para la tabla `maestro`
--

INSERT INTO `maestro` (`id_maestro`, `nombre`, `usuario`, `pass`) VALUES
(1, 'Carlos Gustavo Berber Evangelista', 'carlos', '123456'),
(2, 'Karla Ramirez', 'karla', '123456'),
(3, 'Mario Meza', 'mario', '123456'),
(4, 'Rogelio Peralta', 'roger', '123456'),
(5, 'Leticia Ávila', 'lavila', 'lavila'),
(6, 'Astrid Ruiz', 'Astrid Ruiz', 'aruiz'),
(7, 'Nadia Sánchez', 'Nadia Sánchez', 'nsanchez'),
(8, 'Sandra Ruelas', 'Sandra Ruelas', 'sruelas'),
(9, 'Daniela Ordaz', 'Daniela Ordaz', 'dordaz'),
(10, 'Laura Hernández', 'Laura Hernández', 'lhernandez'),
(11, 'Galia García', 'Galia García', 'ggarcia'),
(12, 'Blanca de la Cerda', 'Blanca de la Cerda', 'bcerda'),
(13, 'Justa Covarrubias', 'Justa Covarrubias', 'jcovarrubias'),
(14, 'Angie Márquez', 'Anguie Márquez', 'amarquez'),
(15, 'Marisol Santacruz', 'Marisol Santacruz', 'msantacruz'),
(16, 'Laura Esparza', 'Laura Esparza', 'lesparza'),
(17, 'Lydia Reynoso', 'Lydia Reynoso', 'lreynoso'),
(18, 'Marcela Angulo', 'Marcela Angulo', 'mangulo'),
(19, 'Jessica Ramírez', 'Jessica Ramírez', 'jramirez'),
(20, 'Gabriela Toris', 'Gabriela Toris', 'gtoris');

-- --------------------------------------------------------

--
-- Estructura de tabla para la tabla `notificacion`
--

CREATE TABLE IF NOT EXISTS `notificacion` (
  `id_notificacion` int(11) NOT NULL AUTO_INCREMENT,
  `nombre` varchar(100) DEFAULT NULL,
  `fecha` date DEFAULT NULL,
  `modulo` varchar(45) DEFAULT NULL,
  `id_alumno` int(11) DEFAULT NULL,
  `grado` int(11) DEFAULT NULL,
  `grupo` varchar(1) DEFAULT NULL,
  `descripcion` mediumtext,
  PRIMARY KEY (`id_notificacion`)
) ENGINE=MyISAM  DEFAULT CHARSET=latin1 AUTO_INCREMENT=924 ;

--
-- Volcado de datos para la tabla `notificacion`
--

INSERT INTO `notificacion` (`id_notificacion`, `nombre`, `fecha`, `modulo`, `id_alumno`, `grado`, `grupo`, `descripcion`) VALUES
(888, '1A Kit APA', '2015-08-26', 'Padres de Familia', NULL, 1, 'A', 'El KIT APA se entregará exclusivamente a los padres de familia,  en el CRAI de 8:00 am a 2:00 pm, en el mes de agosto los días:\r•	Jueves 27: 1º y 2º de primaria\r•	Viernes 28: 3°s y 4°s de primaria\r•	Lunes 31: 5°s y 6°s de primaria\rNota: no hace falta presentar el recibo, ya que contamos con los registros de pago.\r'),
(887, 'Fallecimiento Marthita Mora', '2015-08-26', 'Padres de Familia', NULL, 0, '0', '      En nombre del Consejo Directivo, nos unimos a la pena que embarga  a la familia Mora Anaya, por el fallecimiento de nuestra querida Miss Marthita el día de ayer por la mañana.\r \rLos invitamos a unirnos en oración por su eterno descanso y la recuperación en su duelo a la familia.\r\rEl día de hoy la misa será a las 4:00 p.m. en la Parroquia de San Enrique Emperador (San Rapidito), ubicada en Calle Ontario #925,  colonia Lomas De Guevara.\r\rSu mamá nos agradece no ir de negro. \r\rMuchas gracias.\r'),
(889, '1ºB  Kit APA', '2015-08-26', 'Padres de Familia', NULL, 1, 'B', 'El KIT APA se entregará exclusivamente a los padres de familia,  en el CRAI de 8:00 am a 2:00 pm, en el mes de agosto los días:\r•	Jueves 27: 1º y 2º de primaria\r•	Viernes 28: 3°s y 4°s de primaria\r•	Lunes 31: 5°s y 6°s de primaria\rNota: no hace falta presentar el recibo, ya que contamos con los registros de pago.\r'),
(891, '1ºG Kit APA', '2015-08-26', 'Padres de Familia', NULL, 1, 'G', 'El KIT APA se entregará exclusivamente a los padres de familia,  en el CRAI de 8:00 am a 2:00 pm, en el mes de agosto los días:\r•	Jueves 27: 1º y 2º de primaria\r•	Viernes 28: 3°s y 4°s de primaria\r•	Lunes 31: 5°s y 6°s de primaria\rNota: no hace falta presentar el recibo, ya que contamos con los registros de pago.\r'),
(892, '2ºA kit APA', '2015-08-26', 'Padres de Familia', NULL, 2, 'A', 'El KIT APA se entregará exclusivamente a los padres de familia,  en el CRAI de 8:00 am a 2:00 pm, en el mes de agosto los días:\r•	Jueves 27: 1º y 2º de primaria\r•	Viernes 28: 3°s y 4°s de primaria\r•	Lunes 31: 5°s y 6°s de primaria\rNota: no hace falta presentar el recibo, ya que contamos con los registros de pago.\r'),
(893, '2ºB Kit APA', '2015-08-26', 'Padres de Familia', NULL, 2, 'B', 'El KIT APA se entregará exclusivamente a los padres de familia,  en el CRAI de 8:00 am a 2:00 pm, en el mes de agosto los días:\r•	Jueves 27: 1º y 2º de primaria\r•	Viernes 28: 3°s y 4°s de primaria\r•	Lunes 31: 5°s y 6°s de primaria\rNota: no hace falta presentar el recibo, ya que contamos con los registros de pago.\r'),
(894, '3ºA Kit APA', '2015-08-26', 'Padres de Familia', NULL, 3, 'A', 'El KIT APA se entregará exclusivamente a los padres de familia,  en el CRAI de 8:00 am a 2:00 pm, en el mes de agosto los días:\r•	Jueves 27: 1º y 2º de primaria\r•	Viernes 28: 3°s y 4°s de primaria\r•	Lunes 31: 5°s y 6°s de primaria\rNota: no hace falta presentar el recibo, ya que contamos con los registros de pago.\r'),
(895, '3ºB Kit APA', '2015-08-26', 'Padres de Familia', NULL, 3, 'B', 'El KIT APA se entregará exclusivamente a los padres de familia,  en el CRAI de 8:00 am a 2:00 pm, en el mes de agosto los días:\r•	Jueves 27: 1º y 2º de primaria\r•	Viernes 28: 3°s y 4°s de primaria\r•	Lunes 31: 5°s y 6°s de primaria\rNota: no hace falta presentar el recibo, ya que contamos con los registros de pago.\r'),
(896, '4ºA Kit APA', '2015-08-26', 'Padres de Familia', NULL, 4, 'A', 'El KIT APA se entregará exclusivamente a los padres de familia,  en el CRAI de 8:00 am a 2:00 pm, en el mes de agosto los días:\r•	Jueves 27: 1º y 2º de primaria\r•	Viernes 28: 3°s y 4°s de primaria\r•	Lunes 31: 5°s y 6°s de primaria\rNota: no hace falta presentar el recibo, ya que contamos con los registros de pago.\r'),
(897, '4ºB Kit APA', '2015-08-26', 'Padres de Familia', NULL, 4, 'B', 'El KIT APA se entregará exclusivamente a los padres de familia,  en el CRAI de 8:00 am a 2:00 pm, en el mes de agosto los días:\r•	Jueves 27: 1º y 2º de primaria\r•	Viernes 28: 3°s y 4°s de primaria\r•	Lunes 31: 5°s y 6°s de primaria\rNota: no hace falta presentar el recibo, ya que contamos con los registros de pago.\r'),
(898, '4ºG Kit APA', '2015-08-26', 'Padres de Familia ', NULL, 4, 'G', 'El KIT APA se entregará exclusivamente a los padres de familia,  en el CRAI de 8:00 am a 2:00 pm, en el mes de agosto los días:\r•	Jueves 27: 1º y 2º de primaria\r•	Viernes 28: 3°s y 4°s de primaria\r•	Lunes 31: 5°s y 6°s de primaria\rNota: no hace falta presentar el recibo, ya que contamos con los registros de pago.\r'),
(899, '5ºA Kit APA', '2015-08-26', 'Padres de Familia', NULL, 5, 'A', 'El KIT APA se entregará exclusivamente a los padres de familia,  en el CRAI de 8:00 am a 2:00 pm, en el mes de agosto los días:\r•	Jueves 27: 1º y 2º de primaria\r•	Viernes 28: 3°s y 4°s de primaria\r•	Lunes 31: 5°s y 6°s de primaria\rNota: no hace falta presentar el recibo, ya que contamos con los registros de pago.\r'),
(900, '5ºB Kit APA', '2015-08-26', 'Padres de Familia', NULL, 5, 'B', 'El KIT APA se entregará exclusivamente a los padres de familia,  en el CRAI de 8:00 am a 2:00 pm, en el mes de agosto los días:\r•	Jueves 27: 1º y 2º de primaria\r•	Viernes 28: 3°s y 4°s de primaria\r•	Lunes 31: 5°s y 6°s de primaria\rNota: no hace falta presentar el recibo, ya que contamos con los registros de pago.\r'),
(901, '6ºA Kit APA', '2015-08-26', 'Padres de Familia', NULL, 6, 'A', 'El KIT APA se entregará exclusivamente a los padres de familia,  en el CRAI de 8:00 am a 2:00 pm, en el mes de agosto los días:\r•	Jueves 27: 1º y 2º de primaria\r•	Viernes 28: 3°s y 4°s de primaria\r•	Lunes 31: 5°s y 6°s de primaria\rNota: no hace falta presentar el recibo, ya que contamos con los registros de pago.\r'),
(902, '6ºB Kit APA', '2015-08-26', 'Padres de Familia', NULL, 6, 'B', 'El KIT APA se entregará exclusivamente a los padres de familia,  en el CRAI de 8:00 am a 2:00 pm, en el mes de agosto los días:\r•	Jueves 27: 1º y 2º de primaria\r•	Viernes 28: 3°s y 4°s de primaria\r•	Lunes 31: 5°s y 6°s de primaria\rNota: no hace falta presentar el recibo, ya que contamos con los registros de pago.\r'),
(903, '6ºG Kit APA', '2015-08-26', 'Padres de Familia', NULL, 6, 'G', 'El KIT APA se entregará exclusivamente a los padres de familia,  en el CRAI de 8:00 am a 2:00 pm, en el mes de agosto los días:\r•	Jueves 27: 1º y 2º de primaria\r•	Viernes 28: 3°s y 4°s de primaria\r•	Lunes 31: 5°s y 6°s de primaria\rNota: no hace falta presentar el recibo, ya que contamos con los registros de pago.\r'),
(904, 'Inducción Papás 1º Prepa', '2015-08-26', 'Padres de Familia', NULL, 1, 'E', 'Estimados Padres de Familia,\r\rLos invitamos a la sesión de inducción para papás de 1º de preparatoria. Cuyo objetivo será: darles a conocer la normativa y aspectos importantes de la Sección. \r\rFecha: Jueves 27 de agosto de 2015\rHorario: 7:30 a 9:00 a.m. \rLugar: Auditorio del Colegio.\rExpositor: Marisela Alcocer\r(Directora de Secundaria y Preparatoria)\r\rTemática:\r•	Organigrama\r•	Sistema de Evaluación (%)\r•	Asistencia y justificaciones de falta\r•	Carga Académica y Exámenes\r•	Uniforme\r•	Normativa\r\rEsperamos  contar con su presencia. \r'),
(905, 'Inducción a Papás de 1º Prepa', '2015-08-26', 'Padres de Familia', NULL, 1, 'F', 'Estimados Padres de Familia,\r\rLos invitamos a la sesión de inducción para papás de 1º de preparatoria. Cuyo objetivo será: darles a conocer la normativa y aspectos importantes de la Sección. \r\rFecha: Jueves 27 de agosto de 2015\rHorario: 7:30 a 9:00 a.m. \rLugar: Auditorio del Colegio.\rExpositor: Marisela Alcocer\r(Directora de Secundaria y Preparatoria)\r\rTemática:\r•	Organigrama\r•	Sistema de Evaluación (%)\r•	Asistencia y justificaciones de falta\r•	Carga Académica y Exámenes\r•	Uniforme\r•	Normativa\r\rEsperamos  contar con su presencia. \r'),
(906, 'Inducción a Papás de 1º Prepa', '2015-08-26', 'Padres de Familia', NULL, 1, 'I', 'Estimados Padres de Familia,\r\rLos invitamos a la sesión de inducción para papás de 1º de preparatoria. Cuyo objetivo será: darles a conocer la normativa y aspectos importantes de la Sección. \r\rFecha: Jueves 27 de agosto de 2015\rHorario: 7:30 a 9:00 a.m. \rLugar: Auditorio del Colegio.\rExpositor: Marisela Alcocer\r(Directora de Secundaria y Preparatoria)\r\rTemática:\r•	Organigrama\r•	Sistema de Evaluación (%)\r•	Asistencia y justificaciones de falta\r•	Carga Académica y Exámenes\r•	Uniforme\r•	Normativa\r\rEsperamos  contar con su presencia. \r'),
(907, 'Aviso Kit APA', '2015-08-27', 'Padres de Familia', NULL, 2, 'A', 'Estimados Padres de Familia: \rEl día de hoy se repartió el Kit APA para  segundo de primaria, en el cual, no están incluidos los cuadernillos de dictado y  cálculo, les sugerimos comprarlo con las siguientes caracteristicas: \ra.	Para dictado: cuadernillo forma italiana, sin espiral, doble raya, 50 hojas, azul cielo. \rb.	Para cálculo: cuadernillo forma italiana, sin espiral, cuadro grande, 50 hojas, rojo.\rAgradecemos la consideración a este aviso\r'),
(908, 'Aviso Kit APA', '2015-08-27', 'Padres de Familia', NULL, 2, 'B', 'Estimados Padres de Familia: \rEl día de hoy se repartió el Kit APA para  segundo de primaria, en el cual, no están incluidos los cuadernillos de dictado y  cálculo, les sugerimos comprarlo con las siguientes caracteristicas: \ra.	Para dictado: cuadernillo forma italiana, sin espiral, doble raya, 50 hojas, azul cielo. \rb.	Para cálculo: cuadernillo forma italiana, sin espiral, cuadro grande, 50 hojas, rojo.\rAgradecemos la consideración a este aviso\r'),
(909, '1ºA Avisos Generales', '2015-08-31', 'Padres de Familia', NULL, 1, 'A', 'Estimados Padres de Familia: \rLes informamos eventos de la semana.\r•Inducción de Padres de Familia de Nuevo Ingreso por parte de Dirección General, 1 de septiembre a las 8:00pm en el auditorio del Colegio.\r•Asamblea de Padres de Familia de Primaria Mayor, 3 de septiembre a las 8:00 pm en el auditorio del Colegio.\r•Inducción de papás de alumnas en talleres deportivos, 4 de septiembre a las 2:00 pm en el auditorio.'),
(910, '1ºB Avisos Generales', '2015-08-31', 'Padres de Familia', NULL, 1, 'B', 'Estimados Padres de Familia: \rLes informamos eventos de la semana.\r•Inducción de Padres de Familia de Nuevo Ingreso por parte de Dirección General, 1 de septiembre a las 8:00pm en el auditorio del Colegio.\r•Asamblea de Padres de Familia de Primaria Mayor, 3 de septiembre a las 8:00 pm en el auditorio del Colegio.\r•Inducción de papás de alumnas en talleres deportivos, 4 de septiembre a las 2:00 pm en el auditorio.'),
(911, '1ºG Avisos Generales', '2015-08-31', 'Padres de Familia', NULL, 1, 'G', 'Estimados Padres de Familia: \rLes informamos eventos de la semana.\r•Inducción de Padres de Familia de Nuevo Ingreso por parte de Dirección General, 1 de septiembre a las 8:00pm en el auditorio del Colegio.\r•Asamblea de Padres de Familia de Primaria Mayor, 3 de septiembre a las 8:00 pm en el auditorio del Colegio.\r•Inducción de papás de alumnas en talleres deportivos, 4 de septiembre a las 2:00 pm en el auditorio.'),
(912, '2ºA Avisos Generales', '2015-08-31', 'Padres de Familia', NULL, 2, 'A', 'Estimados Padres de Familia: \rLes informamos eventos de la semana.\r•Inducción de Padres de Familia de Nuevo Ingreso por parte de Dirección General, 1 de septiembre a las 8:00pm en el auditorio del Colegio.\r•Asamblea de Padres de Familia de Primaria Mayor, 3 de septiembre a las 8:00 pm en el auditorio del Colegio.\r•Inducción de papás de alumnas en talleres deportivos, 4 de septiembre a las 2:00 pm en el auditorio.'),
(913, '2ºB Avisos Generales', '2015-08-31', 'Padres de Familia', NULL, 2, 'B', 'Estimados Padres de Familia: \rLes informamos eventos de la semana.\r•Inducción de Padres de Familia de Nuevo Ingreso por parte de Dirección General, 1 de septiembre a las 8:00pm en el auditorio del Colegio.\r•Asamblea de Padres de Familia de Primaria Mayor, 3 de septiembre a las 8:00 pm en el auditorio del Colegio.\r•Inducción de papás de alumnas en talleres deportivos, 4 de septiembre a las 2:00 pm en el auditorio.'),
(914, '3ºA Avisos Generales', '2015-08-31', 'Padres de Familia', NULL, 3, 'A', 'Estimados Padres de Familia: \rLes informamos eventos de la semana.\r•Inducción de Padres de Familia de Nuevo Ingreso por parte de Dirección General, 1 de septiembre a las 8:00pm en el auditorio del Colegio.\r•Asamblea de Padres de Familia de Primaria Mayor, 3 de septiembre a las 8:00 pm en el auditorio del Colegio.\r•Inducción de papás de alumnas en talleres deportivos, 4 de septiembre a las 2:00 pm en el auditorio.'),
(915, '3ºB Avisos Generales', '2015-08-31', 'Padres de Familia', NULL, 3, 'B', 'Estimados Padres de Familia: \rLes informamos eventos de la semana.\r•Inducción de Padres de Familia de Nuevo Ingreso por parte de Dirección General, 1 de septiembre a las 8:00pm en el auditorio del Colegio.•\rAsamblea de Padres de Familia de Primaria Mayor, 3 de septiembre a las 8:00 pm en el auditorio del Colegio.\r•Inducción de papás de alumnas en talleres deportivos, 4 de septiembre a las 2:00 pm en el auditorio.'),
(916, '4ºA Avisos Generales', '2015-08-31', 'Padres de Familia', NULL, 4, 'A', 'Estimados Padres de Familia: \rLes informamos eventos de la semana.\r•Inducción de Padres de Familia de Nuevo Ingreso por parte de Dirección General, 1 de septiembre a las 8:00pm en el auditorio del Colegio.•\rAsamblea de Padres de Familia de Primaria Mayor, 3 de septiembre a las 8:00 pm en el auditorio del Colegio.\r•Inducción de papás de alumnas en talleres deportivos, 4 de septiembre a las 2:00 pm en el auditorio.'),
(917, '4ºB Avisos Generales', '2015-08-31', 'Padres de Familia', NULL, 4, 'B', 'Estimados Padres de Familia: \rLes informamos eventos de la semana.\r•Inducción de Padres de Familia de Nuevo Ingreso por parte de Dirección General, 1 de septiembre a las 8:00pm en el auditorio del Colegio.•\rAsamblea de Padres de Familia de Primaria Mayor, 3 de septiembre a las 8:00 pm en el auditorio del Colegio.\r•Inducción de papás de alumnas en talleres deportivos, 4 de septiembre a las 2:00 pm en el auditorio.'),
(918, '4ºG Avisos Generales', '2015-08-31', 'Padre de Familia', NULL, 4, 'G', 'Estimados Padres de Familia: \rLes informamos los eventos de la semana.\r•Inducción de Padres de Familia de Nuevo Ingreso por parte de Dirección General, 1 de septiembre a las 8:00pm en el auditorio del Colegio.•\rAsamblea de Padres de Familia de Primaria Mayor, 3 de septiembre a las 8:00 pm en el auditorio del Colegio.\r•Inducción de papás de alumnas en talleres deportivos, 4 de septiembre a las 2:00 pm en el auditorio.'),
(919, '5ºA Avisos Generales', '2015-08-31', 'Padres de Familia', NULL, 5, 'A', 'Estimados Padres de Familia: \rLes informamos los eventos de la semana.\r•Inducción de Padres de Familia de Nuevo Ingreso por parte de Dirección General, 1 de septiembre a las 8:00pm en el auditorio del Colegio.•\rAsamblea de Padres de Familia de Primaria Mayor, 3 de septiembre a las 8:00 pm en el auditorio del Colegio.\r•Inducción de papás de alumnas en talleres deportivos, 4 de septiembre a las 2:00 pm en el auditorio.'),
(920, '5ºB Avisos Generales', '2015-08-31', 'Padres de Familia', NULL, 5, 'B', 'Estimados Padres de Familia: \rLes informamos los eventos de la semana.\r•Inducción de Padres de Familia de Nuevo Ingreso por parte de Dirección General, 1 de septiembre a las 8:00pm en el auditorio del Colegio.•\rAsamblea de Padres de Familia de Primaria Mayor, 3 de septiembre a las 8:00 pm en el auditorio del Colegio.\r•Inducción de papás de alumnas en talleres deportivos, 4 de septiembre a las 2:00 pm en el auditorio.'),
(921, '6ºA Avisos Generales', '2015-08-31', 'Padres de Familia', NULL, 6, 'A', 'Estimados Padres de Familia: \rLes informamos los eventos de la semana.\r•Inducción de Padres de Familia de Nuevo Ingreso por parte de Dirección General, 1 de septiembre a las 8:00pm en el auditorio del Colegio.•\rAsamblea de Padres de Familia de Primaria Mayor, 3 de septiembre a las 8:00 pm en el auditorio del Colegio.\r•Inducción de papás de alumnas en talleres deportivos, 4 de septiembre a las 2:00 pm en el auditorio.'),
(922, '6ºB Avisos Generales', '2015-08-31', 'Padres de Familia', NULL, 6, 'B', 'Estimados Padres de Familia: \rLes informamos los eventos de la semana.\r•Inducción de Padres de Familia de Nuevo Ingreso por parte de Dirección General, 1 de septiembre a las 8:00pm en el auditorio del Colegio.•\rAsamblea de Padres de Familia de Primaria Mayor, 3 de septiembre a las 8:00 pm en el auditorio del Colegio.\r•Inducción de papás de alumnas en talleres deportivos, 4 de septiembre a las 2:00 pm en el auditorio.'),
(923, '6ºG Avisos Generales', '2015-08-31', 'Padres de Familia', NULL, 6, 'G', 'Estimados Padres de Familia: \rLes informamos los eventos de la semana.\r•Inducción de Padres de Familia de Nuevo Ingreso por parte de Dirección General, 1 de septiembre a las 8:00pm en el auditorio del Colegio.•\rAsamblea de Padres de Familia de Primaria Mayor, 3 de septiembre a las 8:00 pm en el auditorio del Colegio.\r•Inducción de papás de alumnas en talleres deportivos, 4 de septiembre a las 2:00 pm en el auditorio.');

-- --------------------------------------------------------

--
-- Estructura de tabla para la tabla `pbcatcol`
--

CREATE TABLE IF NOT EXISTS `pbcatcol` (
  `pbc_tnam` char(65) NOT NULL,
  `pbc_tid` int(11) DEFAULT NULL,
  `pbc_ownr` char(65) NOT NULL,
  `pbc_cnam` char(65) NOT NULL,
  `pbc_cid` smallint(6) DEFAULT NULL,
  `pbc_labl` varchar(254) DEFAULT NULL,
  `pbc_lpos` smallint(6) DEFAULT NULL,
  `pbc_hdr` varchar(254) DEFAULT NULL,
  `pbc_hpos` smallint(6) DEFAULT NULL,
  `pbc_jtfy` smallint(6) DEFAULT NULL,
  `pbc_mask` varchar(31) DEFAULT NULL,
  `pbc_case` smallint(6) DEFAULT NULL,
  `pbc_hght` smallint(6) DEFAULT NULL,
  `pbc_wdth` smallint(6) DEFAULT NULL,
  `pbc_ptrn` varchar(31) DEFAULT NULL,
  `pbc_bmap` char(1) DEFAULT NULL,
  `pbc_init` varchar(254) DEFAULT NULL,
  `pbc_cmnt` varchar(254) DEFAULT NULL,
  `pbc_edit` varchar(31) DEFAULT NULL,
  `pbc_tag` varchar(254) DEFAULT NULL,
  UNIQUE KEY `pbcatc_x` (`pbc_tnam`,`pbc_ownr`,`pbc_cnam`)
) ENGINE=InnoDB DEFAULT CHARSET=latin1;

-- --------------------------------------------------------

--
-- Estructura de tabla para la tabla `pbcatedt`
--

CREATE TABLE IF NOT EXISTS `pbcatedt` (
  `pbe_name` varchar(30) NOT NULL,
  `pbe_edit` varchar(254) DEFAULT NULL,
  `pbe_type` smallint(6) DEFAULT NULL,
  `pbe_cntr` int(11) DEFAULT NULL,
  `pbe_seqn` smallint(6) NOT NULL,
  `pbe_flag` int(11) DEFAULT NULL,
  `pbe_work` char(32) DEFAULT NULL,
  UNIQUE KEY `pbcate_x` (`pbe_name`,`pbe_seqn`)
) ENGINE=InnoDB DEFAULT CHARSET=latin1;

-- --------------------------------------------------------

--
-- Estructura de tabla para la tabla `pbcatfmt`
--

CREATE TABLE IF NOT EXISTS `pbcatfmt` (
  `pbf_name` varchar(30) NOT NULL,
  `pbf_frmt` varchar(254) DEFAULT NULL,
  `pbf_type` smallint(6) DEFAULT NULL,
  `pbf_cntr` int(11) DEFAULT NULL,
  UNIQUE KEY `pbcatf_x` (`pbf_name`)
) ENGINE=InnoDB DEFAULT CHARSET=latin1;

-- --------------------------------------------------------

--
-- Estructura de tabla para la tabla `pbcattbl`
--

CREATE TABLE IF NOT EXISTS `pbcattbl` (
  `pbt_tnam` char(65) NOT NULL,
  `pbt_tid` int(11) DEFAULT NULL,
  `pbt_ownr` char(65) NOT NULL,
  `pbd_fhgt` smallint(6) DEFAULT NULL,
  `pbd_fwgt` smallint(6) DEFAULT NULL,
  `pbd_fitl` char(1) DEFAULT NULL,
  `pbd_funl` char(1) DEFAULT NULL,
  `pbd_fchr` smallint(6) DEFAULT NULL,
  `pbd_fptc` smallint(6) DEFAULT NULL,
  `pbd_ffce` char(18) DEFAULT NULL,
  `pbh_fhgt` smallint(6) DEFAULT NULL,
  `pbh_fwgt` smallint(6) DEFAULT NULL,
  `pbh_fitl` char(1) DEFAULT NULL,
  `pbh_funl` char(1) DEFAULT NULL,
  `pbh_fchr` smallint(6) DEFAULT NULL,
  `pbh_fptc` smallint(6) DEFAULT NULL,
  `pbh_ffce` char(18) DEFAULT NULL,
  `pbl_fhgt` smallint(6) DEFAULT NULL,
  `pbl_fwgt` smallint(6) DEFAULT NULL,
  `pbl_fitl` char(1) DEFAULT NULL,
  `pbl_funl` char(1) DEFAULT NULL,
  `pbl_fchr` smallint(6) DEFAULT NULL,
  `pbl_fptc` smallint(6) DEFAULT NULL,
  `pbl_ffce` char(18) DEFAULT NULL,
  `pbt_cmnt` varchar(254) DEFAULT NULL,
  UNIQUE KEY `pbcatt_x` (`pbt_tnam`,`pbt_ownr`)
) ENGINE=InnoDB DEFAULT CHARSET=latin1;

-- --------------------------------------------------------

--
-- Estructura de tabla para la tabla `pbcatvld`
--

CREATE TABLE IF NOT EXISTS `pbcatvld` (
  `pbv_name` varchar(30) NOT NULL,
  `pbv_vald` varchar(254) DEFAULT NULL,
  `pbv_type` smallint(6) DEFAULT NULL,
  `pbv_cntr` int(11) DEFAULT NULL,
  `pbv_msg` varchar(254) DEFAULT NULL,
  UNIQUE KEY `pbcatv_x` (`pbv_name`)
) ENGINE=InnoDB DEFAULT CHARSET=latin1;

-- --------------------------------------------------------

--
-- Estructura de tabla para la tabla `periodo`
--

CREATE TABLE IF NOT EXISTS `periodo` (
  `id_periodo` int(11) NOT NULL AUTO_INCREMENT,
  `nombre` varchar(45) DEFAULT NULL,
  `fecha_inicio` date DEFAULT NULL,
  `fecha_fin` date DEFAULT NULL,
  PRIMARY KEY (`id_periodo`)
) ENGINE=InnoDB  DEFAULT CHARSET=utf8 AUTO_INCREMENT=2 ;

--
-- Volcado de datos para la tabla `periodo`
--

INSERT INTO `periodo` (`id_periodo`, `nombre`, `fecha_inicio`, `fecha_fin`) VALUES
(1, '2014A', '2014-01-01', '2015-08-30');

-- --------------------------------------------------------

--
-- Estructura de tabla para la tabla `periodos`
--

CREATE TABLE IF NOT EXISTS `periodos` (
  `id_periodo` int(11) NOT NULL DEFAULT '0',
  `id_seccion` int(11) NOT NULL DEFAULT '0',
  `grado` decimal(2,0) NOT NULL,
  `grupo` varchar(4) NOT NULL,
  `columna` decimal(2,0) NOT NULL,
  `descripcion` varchar(25) NOT NULL DEFAULT '',
  `abreviatura` varchar(6) NOT NULL DEFAULT '',
  PRIMARY KEY (`id_seccion`,`grado`,`grupo`,`columna`),
  UNIQUE KEY `periodos_x` (`id_seccion`,`id_periodo`)
) ENGINE=MyISAM DEFAULT CHARSET=latin1;

-- --------------------------------------------------------

--
-- Estructura de tabla para la tabla `seccion`
--

CREATE TABLE IF NOT EXISTS `seccion` (
  `id_seccion` int(11) NOT NULL DEFAULT '0',
  `seccion` char(2) NOT NULL DEFAULT '',
  `nombre` varchar(20) NOT NULL DEFAULT '',
  `orden` decimal(3,0) NOT NULL DEFAULT '0'
) ENGINE=MyISAM DEFAULT CHARSET=latin1;

--
-- Volcado de datos para la tabla `seccion`
--

INSERT INTO `seccion` (`id_seccion`, `seccion`, `nombre`, `orden`) VALUES
(0, '', 'Admisión', '0'),
(1, '.5', 'Preescolar', '1'),
(2, '1', 'Primaria', '2'),
(3, '2', 'Secundaria', '3'),
(5, '21', 'Vespertina', '5'),
(4, '3', 'Bachillerato', '4');

-- --------------------------------------------------------

--
-- Estructura de tabla para la tabla `tarea`
--

CREATE TABLE IF NOT EXISTS `tarea` (
  `id_tarea` int(11) NOT NULL AUTO_INCREMENT,
  `nombre` varchar(45) DEFAULT NULL,
  `id_clase` int(11) NOT NULL,
  `fecha_tarea` date DEFAULT NULL,
  `fecha_entrega` date DEFAULT NULL,
  `descripcion` varchar(500) DEFAULT NULL,
  `requisitos` varchar(500) DEFAULT NULL,
  `archivo` varchar(150) DEFAULT NULL,
  PRIMARY KEY (`id_tarea`),
  KEY `fk_tarea_clase1_idx` (`id_clase`)
) ENGINE=InnoDB  DEFAULT CHARSET=utf8 AUTO_INCREMENT=29 ;

--
-- Volcado de datos para la tabla `tarea`
--

INSERT INTO `tarea` (`id_tarea`, `nombre`, `id_clase`, `fecha_tarea`, `fecha_entrega`, `descripcion`, `requisitos`, `archivo`) VALUES
(1, '10 Enunciados', 1, '2014-01-06', '2014-07-11', 'Hacer 10 enunciados con verbo conjugado en pretérito.', 'En cuaderno.', 'CSC Visa Information Service.pdf'),
(2, '15 Restas', 2, '2014-01-06', '2014-07-11', 'Restas con punto decimal', 'Entregar en hojas blancas', NULL),
(3, 'Mapa América', 4, '2014-01-13', '2014-07-11', 'Dibujar y colorear todos los paises del continente americano.', 'En hoja blanca.', NULL),
(4, 'Capitales estados de México', 4, '2014-03-04', '2014-07-11', 'Apuntar en el cuaderno todas las capitales de los estados de México', 'En cuaderno de raya.', NULL),
(5, 'Matemáticas SEP', 2, '2014-06-02', '2014-07-11', 'pág. 157 - Con ayuda de tu mamá o papá, observa los ejemplos de la las sumas de dos cifras, y completa. \r\r"Los hijos son una herencia del Señor, los frutos del vientre son una recompensa." \r\rSalmos 127: 3 ', '', ''),
(6, 'HMWK 8', 15, '2014-06-02', '2014-07-11', 'in your blue notebook, repeat 3 times the words WHERE, WORKED, AGAIN, CATTLE, HORSE.', NULL, 'DSC_0038.JPG'),
(7, 'Clase Cocina', 24, '2014-06-02', '2014-07-11', 'RECUERDA QUE TIENES LA CLASE DE LIMPIEZA.\r\rTrae tu mandil muy limpio y planchado.', NULL, NULL),
(8, 'HMWK 4', 15, '2014-06-03', '2014-07-11', 'Answer the paper "Social Studies practice"', NULL, NULL),
(9, 'Orden Alfabético', 18, '2014-06-03', '2014-07-11', 'Español: Hacer pp. 184 y 185 libro Español 1 (rojo). Leer 15 minutos', NULL, NULL),
(10, 'Nuestra Madre del Cielo', 16, '2014-06-03', '2014-07-11', 'Contestar páginas 100 y 101.\r\rFecha de Entrega 4 de Junio.', NULL, NULL),
(11, 'HMWK 9', 15, '2014-06-04', '2014-07-11', 'In your blue notebook, write 3 sentences about your BEST FRIEND.', NULL, NULL),
(12, 'Sinónimos y Antónimos', 18, '2014-06-04', '2014-07-11', 'Español: Hacer pp. 187 y 188 libro Español 1 (rojo). Leer 15 minutos.', NULL, NULL),
(13, 'Matemáticas SEP', 2, '2014-06-05', '2014-07-11', 'MATEMÁTICAS S.E.P.- pág. 160- Realiza las sumas y restas que están en la camisetas (Hazlas de manera horizontal si se te facilita, como sumas de operatividad). Colorea con el mismo color que la playera el pantalón que tenga el resultado que le corresponde. \r\r"Los hijos son una herencia del Señor, los frutos del vientre son una recompensa." \r\rSalmos 127: 3 ', NULL, NULL),
(14, 'HMWK 10', 15, '2014-06-05', '2014-07-11', 'Answer the paper "Vocabulary"', NULL, NULL),
(15, 'Conflictos', 23, '2014-06-05', '2014-07-11', 'Completar mi apunte anotando un conflicto que haya tenido en cada caso que se muestra y la forma como lo resolví. Ejemplo: Con mi mamá: Conflicto: No puedo salir a jugar porque no tendí mi cama. Cómo lo resolví: Tendiendo mi cama antes de salir a jugar.', NULL, NULL),
(16, 'Singapur', 22, '2014-06-06', '2014-07-11', 'pág 74- Leer el problema cuidadosamente sobre los ramos que podrá formar Andrea. Con mucha atención dibuja la barra unidad y recuerda anotar las operaciones y responder el problema. \r\r"Los hijos son una herencia del Señor, los frutos del vientre son una recompensa." \r\rSalmos 127: 3 ', NULL, NULL),
(17, 'HMWK 5', 20, '2014-06-06', '2014-07-11', 'Answer the questions about plants and draw some examples.', '', ''),
(18, 'Leer', 25, '2014-06-04', '2014-07-11', 'test', 'rtestse', ''),
(19, 'prueba descarga', 5, '1899-11-30', '2014-07-11', 'prueba', NULL, 'Rol edecanes pista.xlsx'),
(22, 'Formación Cívica y Ética', 46, '2014-06-04', '2014-07-11', 'Contesta los problemas de la pág. ____ de tu libro de matemáticas', NULL, ''),
(23, 'Español e Historia', 35, '2014-06-04', '2014-07-11', 'Español: hacer la repetición de la lista 15 y una oración con cada palabra.\r\rEsta tarea se revisará el jueves 5 de junio del 2014.', NULL, NULL),
(24, 'Español e Historia', 35, '2014-06-04', '2014-07-11', 'Historia: clasificar las imágenes que están en salones virtuales del humanismo y el renacimiento y pegarlas en su cuaderno con el apunte.\r\rEsta tarea se revisará el 12 de junio.', NULL, NULL),
(25, 'Matemáticas, Formación Cívica y Ética', 50, '2014-06-05', '2014-07-11', 'Contesta los problemas de la pág. ___ de tu libro Singapur.', NULL, 'Solicitud disen?o AcHighlights.xlsx'),
(28, 'Español e Historia', 35, '2014-06-06', '2014-07-11', 'Español: contestar las págnas 113, 114 y 115 de su libro de competencias lectoras.\r\rEsta tarea se revisará el lunes 9 de junio.', NULL, 'DSC_0038.JPG');

-- --------------------------------------------------------

--
-- Estructura de tabla para la tabla `tipo_calendario`
--

CREATE TABLE IF NOT EXISTS `tipo_calendario` (
  `id_tipo_calendario` int(11) NOT NULL AUTO_INCREMENT,
  `nombre` varchar(150) DEFAULT NULL,
  PRIMARY KEY (`id_tipo_calendario`)
) ENGINE=MyISAM  DEFAULT CHARSET=latin1 AUTO_INCREMENT=3 ;

--
-- Restricciones para tablas volcadas
--

--
-- Filtros para la tabla `alumno_has_clase`
--
ALTER TABLE `alumno_has_clase`
  ADD CONSTRAINT `fk_alumno_has_clase_alumno1` FOREIGN KEY (`id_alumno`) REFERENCES `alumno` (`id_alumno`) ON DELETE NO ACTION ON UPDATE NO ACTION,
  ADD CONSTRAINT `fk_boleta_has_clase_clase1` FOREIGN KEY (`id_clase`) REFERENCES `clase` (`id_clase`) ON DELETE NO ACTION ON UPDATE NO ACTION;

--
-- Filtros para la tabla `alumno_has_tarea`
--
ALTER TABLE `alumno_has_tarea`
  ADD CONSTRAINT `fk_alumno_has_tarea_alumno1` FOREIGN KEY (`id_alumno`) REFERENCES `alumno` (`id_alumno`) ON DELETE NO ACTION ON UPDATE NO ACTION,
  ADD CONSTRAINT `fk_alumno_has_tarea_tarea1` FOREIGN KEY (`id_tarea`) REFERENCES `tarea` (`id_tarea`) ON DELETE NO ACTION ON UPDATE NO ACTION;

--
-- Filtros para la tabla `calendario`
--
ALTER TABLE `calendario`
  ADD CONSTRAINT `fk_calendario_periodo1` FOREIGN KEY (`id_periodo`) REFERENCES `periodo` (`id_periodo`) ON DELETE NO ACTION ON UPDATE NO ACTION;

--
-- Filtros para la tabla `clase`
--
ALTER TABLE `clase`
  ADD CONSTRAINT `fk_clase_maestro1` FOREIGN KEY (`id_maestro`) REFERENCES `maestro` (`id_maestro`) ON DELETE NO ACTION ON UPDATE NO ACTION,
  ADD CONSTRAINT `fk_clase_periodo1` FOREIGN KEY (`id_periodo`) REFERENCES `periodo` (`id_periodo`) ON DELETE NO ACTION ON UPDATE NO ACTION;

--
-- Filtros para la tabla `tarea`
--
ALTER TABLE `tarea`
  ADD CONSTRAINT `fk_tarea_clase1` FOREIGN KEY (`id_clase`) REFERENCES `clase` (`id_clase`) ON DELETE NO ACTION ON UPDATE NO ACTION;

/*!40101 SET CHARACTER_SET_CLIENT=@OLD_CHARACTER_SET_CLIENT */;
/*!40101 SET CHARACTER_SET_RESULTS=@OLD_CHARACTER_SET_RESULTS */;
/*!40101 SET COLLATION_CONNECTION=@OLD_COLLATION_CONNECTION */;
